抵当権登記済土地上の土地所有者の所有する樹木を、何の権限もない者が伐採し始めた時、抵当権者は被担保債権の弁済期前でも妨害排除請求できる,〇、樹木の伐採は抵当権者も妨害排除できる、昭6-10-21,,,,,,,,
抵当権設定登記後に発生した債権の一般債権者は、物上代位の差押え後でも、相殺を持って抵当権者に対抗できる,✕、抵当権設定登記後に発生した債権は物上代位の差押え後、相殺はできない、平13.3.13,,,,,,,,
↑つまりどういうこと？,物上代位差押え＞相殺＞差押え前の抵当権,,,,,,,,
賃貸建物に抵当設定があり、物上代位で賃料債権差押えたとき、賃料不払いで賃貸借終了した。差し押さえた賃料債権は敷金の充当の限度で消滅する,〇、平14.3.28,,,,,,,,
↑賃料債権が敷金の充当で消滅とはどういうことか？,未払いの賃料があり、この賃料が敷金分減少して、その残りが賃料債権、つまり差押え債権になる,,,,,,,,
抵当権設定と差押命令の送達は先後で優劣が決まる,〇、平10.3.26,,,,,,,,
↑差押命令後に設定された抵当権で物上代位に対抗できない,〇、平10.3.26,,,,,,,,
↑抵当設定前に発生した債権者は抵当権に対抗できる,✕、この場合は単なる一般債権者にすぎず、差押に入った時に利害対抗問題がおこる,,,,,,,,
抵当権設定と転付命令の送達は先後で優劣が決まる,✕,,,,,,,,
↑ではなんなのか,抵当権による差押と転付命令の送達は先後で優劣が決まる,,,,,,,,
,,,,,,,,,
損害賠償額を定めるとき、被害者が通常の体質と異なる身体的特徴を有していた場合、それが疾患にあたらなければ斟酌ず、疾病に当たる場合は斟酌される,〇、平8.10.29,,,,,,,,
事理弁識能力のない被害者の過失相殺はできない,〇、過失相殺するには事理弁識能力が必要、昭39.6.24,,,,,,,,
遺族年金の内支給を受けることが確定した額は損害賠償額から控除される,〇、平5.3.24,,,,,,,,
↑確定していない部分は？,控除されない、平5.3.24,,,,,,,,
新築建物が安全性に重大な瑕疵があり、経済的に無価値と評価される場合でも、建て替えまでの間の居住利益は損害賠償額から控除される,✕、控除できない、平22.6.10,,,,,,,,
著しい高利貸による被害の損害賠償請求に対して、交付した貸付金の額分は控除される,✕、控除されない、平20.6.10,,,,,,,,
,,,,,,,,,
引渡された物が契約不適合の場合、履行の追完をした場合でも債務不履行による損害賠償請求は妨げられない,〇、履行の追完に加えて損害賠償も可能、564,,,,,,,,
,,,,,,,,,
被代位権利が動産の引渡しを目的とする場合、債務者の相手方に対し自己に引渡すよう求めることはできない,✕、動産の引渡しの場合は自己に引渡しを求めることができる、423-3,,,,,,,,
,,,,,,,,,
保証人は保証の対象となる契約が解除された場合の現状回復義務も負担する,〇,,,,,,,,
委託を受けた物上保証人は事前求償権を得る,✕、通常の保証人は事前求償権があるが物上保証人にはない、、平2.12.18,,,,,,,,
,,,,,,,,,
公正証書遺言には公証人への口述が必要だが、障害等により口述できない場合、質問に対してうなずく、首を左右に振る等で足りる,✕、通訳人の通訳による申述でなければならない、969-2,,,,,,,,
,,,,,,,,,
債権者代位権を債権者代位権で行使することは認められる,〇、昭39.4.17,,,,,,,,
名誉棄損の慰謝料請求権は一身専属的な権利であり債権者代位の対象にならない,✕、代位行使可能、昭58.10.6,,,,,,,,
↑慰謝料具体的に確定していない間は？,行使できないものと思われる、昭58.10.6,,,,,,,,
↑遺留分侵害請求権は一身専属的な権利であり、たとえ同権利を第三者に譲渡するなどの行為があったとしても、債権者代位の対象にならない,✕、特段の事情があれば代位行使可能で、第三者への遺留分侵害請求権の譲渡は特段の事情となる、平13.11.22,,,,,,,,
,,,,,,,,,
財産分与は原則、詐害行為取消権の対象になる,✕、原則対象ではない、昭58.12.19,,,,,,,,
↑不当に過大な場合は？,詐害取消の対象になる、特段の事情があれば詐害取消の対象、昭58.12.19,,,,,,,,
相続放棄は詐害行為取消権の対象になる,✕、これを取消できるとすると相続の承認を強制することになり不当、昭49.9.20,,,,,,,,
遺産分割協議は詐害行為取消権の対象になる,〇,,,,,,,,
金銭債権でない特定物の引渡債権も詐害行為取消の対象になる,〇,,,,,,,,
↑詐害取消権者は特定物引渡債権の目的物の所有権移転登記を自己に求めることができる,✕、特定物の引渡請求権に基いて直接自己に所有権移転登記を求めることは許されない、昭53.10.5,,,,,,,,
,,,,,,,,,
他人の土地上の建物の登記名義人となった者は、実際に建物を所有したことがなくても建物収去土地明渡の義務を免れない,✕、登記名義人でも実際に建物を所有したことがなければ建物収去土地明渡義務を負わない、平6.2.8,,,,,,,,
,,,,,,,,,
賃貸借契約を催告をすることなく解除ができると考えられるのはどんなときか？記述,賃貸借関係の継続を著しく困難ならしめるような不信行為のあった場合、昭27.4.25,,,,,,,,
↑これは原則がどのような規定だから問題になっているのか？,賃貸借は催告をしないと解除ができない、541,,,,,,,,
,,,,,,,,,
請負契約で完成した建物は当然に注文者に帰属する,✕、工事代金等など状況による、昭44.9.12,,,,,,,,
↑注文者が工事代金の大部分を負担した建物が完成したとき所有権は？,完成と同時に注文者に帰属する、昭44.9.12,,,,,,,,
,,,,,,,,,
代物弁済で供された物が粗悪品であった場合、それが訴訟による和解の成立で合意した和解契約の場合は錯誤を主張しえない,✕、判例では同状況で錯誤としている、和解契約の代物弁済で粗悪品であったことに錯誤があるとき、取引上の社会通念に照らし重要なものにあたる、昭33.6.14,,,,,,,,
錯誤の主張は瑕疵担保責任に優先しない,✕、錯誤の主張ができる場合、担保責任の規定は排除される、昭33.6.14,,,,,,,,
,,,,,,,,,
消費貸借契約の借主が第三者に対して給付するよう求めた場合、取消による不当利得返還請求は実際に金銭を受取っていない借主に対して請求できるものではない,✕、第三者への交付であったとしても借主に利益があったとみるのが相当、平10.5.26,,,,,,,,
消費貸借契約において、借主が事前に法律上又は事実関係を有さない第三者への貸付金の交付が行われた場合、解除による貸主からの不当利得返還請求に対し借主は利益を受けたものとみることができうる,✕、判例では法律上又は事実上の関係がないなどの事実関係においては利益を受けなかったというべき、平10.5.26,,,,,,,,
,,,,,,,,,
不法原因給付の給付者は受益者に不当利得返還請求ができない,〇、708,,,,,,,,
受益者の不法性に比して給付者の不法が微弱なときは不当利得返還請求ができる,〇、昭29.8.31,,,,,,,,
不法原因により登記のある不動産を贈与した場合、その移転登記を済ませていなくても、贈与の規定では所有権の移転に登記は不要であるから、不当利得返還請求ができない,✕、判例では贈与による所有権移転は登記を必要としないが、不法原因による場合は、引渡しのみでは不法原因の「給付」があったとして、返還請求できないとはいえない、昭46.10.28,,,,,,,,
贈与の引渡しがあった、といえる場合、何ができなくなるのか？,引渡しがあった部分は贈与の解除ができない,,,,,,,,
↑この贈与の引渡しがあった、と不法原因給付の給付、は同じか,異なる、贈与の引渡しがあった、は登記を必要としないのに対し、不法原因給付は既登記建物について移転登記がないと給付したことにならない,,,,,,,,
不法原因に基づく抵当権設定登記について、被担保債権が90条違反で無効を主張できる場合、不当利得返還請求として抹消登記を求めることができる,〇、昭40.12.17,,,,,,,,
↑これはなぜか？,被担保債権が無効になった場合、不存在となり抵当権が消滅するので、不当利得返還として抹消しても、抵当権実行されて被担保債権の無効、不存在となり消滅しても得られる効果は同じであるため、昭40.12.17,,,,,,,,
不法原因による契約後、解除し給付を返還する再度の特約をすることは、708条の趣旨に反し許されない,✕、708条は不法原因給付した者を保護しないというだけであり、受領者が任意で返還することまでを禁じていない、708、昭28.1.22,,,,,,,,
賃借人が建物の修繕を請負人に依頼後、無資力となった場合、請負人は請負代金債権を建物の所有者に請求できる,✕、賃借人との関係おいて発生した債権なのでできません,,,,,,,,
権利金を支払わない代わりに工事はを全て負担する特約をしていた賃借人が、建物の修繕を請負人に依頼後、無資力となった場合、請負人は不当利得返還請求を建物の所有者に請求できる,✕、賃貸借全体として所有者が対価なしに利益を受けたときに限られる、平7.9.19,,,,,,,,
↑このとき工事に関し、何ら特約がなく、賃借人が任意で請負人に依頼していた場合、所有者は対価関係なしに利益を得たといえる,〇、平7.9.19,,,,,,,,
,,,,,,,,,
不貞行為の相手方は特段の事情のない限りは離婚を理由とする不法行為責任を負うことはない,〇、平31.2.19,,,,,,,,
単なる不貞行為に留まらず、不当な干渉をするなどして離婚をやむなきに至らしめたと評価すべき特段の事情のある場合は、不貞行為の相手方は不法行為責任を負う,〇、平31.2.19,,,,,,,,
事故により労働能力の一部を喪失した被害者の逸失利益の算定は、被害者がその後死亡した場合、死亡した時点から就労ができないものであるから、その限度で就労可能期間の設定を考慮すべきである,✕、この場合の遺失利益の就労期間算定に死亡の事実は考慮すべきものではない、平8.4.25,,,,,,,,
事故により労働能力の一部を喪失した被害者の逸失利益の算定は、死亡の原因となる具体的事実が存在し、その後の死亡が客観的に予測されていたなどの事情のもとでは、その死亡について就労可能期間が考慮される,〇、判例ではこのような特段の事情がなければ考慮されないとしている、平8.4.25,,,,,,,,
,,,,,,,,,
物上保証人は債務者の意思に反して債務の弁済をすることができる,〇、474,,,,,,,,
債務に対しなんら関係性のない第三者例えば友人は債務者の意思に反し弁済できるか,できない、474-2,,,,,,,,
債務の弁済は原則第三者も行うことができる,〇、474,,,,,,,,
第三者弁済の例外として正当な利益を有しない第三者は債務者の意思に反し弁済ができない,〇、474-2,,,,,,,,
,,,,,,,,,
債務不履行で債務者の責めに期すべき事由がないことを立証できない場合どうなる,債権者は損害賠償の請求ができる、415-3,債務不履行による損害賠償,,,,,,,
↑債務の履行を拒絶する意思を明確に表示した場合は？,同じ、債権者は損害賠償請求できる、415-2-2,債務者に帰責事由がないことを立証,,,,,,,
↑債務者の責めに帰すべき事由がない場合で、履行を拒絶する意思を明確に表示した場合は？,債務者の帰責事由がないので損害賠償できない,↓,↓,↓,,,,,
,,できた,できない,まだ,,,,,
,,✕,請求〇,↓,,,,,
,,,,履行拒絶,,,,,
,,,,請求〇,,,,,
,,,,,,,,,
,,,,,,,,,
,,,,,,,,,
,,,,,,,,,
,,,,,,,,,
,,,,,,,,,
,,,,,,,,,
,,,,,,,,,
,,,,,,,,,
,,,,,,,,,
,,,,,,,,,
,,,,,,,,,
,,,,,,,,,
,,,,,,,,,
,,,,,,,,,
,,,,,,,,,
,,,,,,,,,
,,,,,,,,,
,,,,,,,,,
,,,,,,,,,
----------------------------------------------------------------------,----------------------------------------------------------------------,,,,,,,,
,,,,,,,,,
問題,回答,,,,,,,,
生まれる前の胎児にも認められる能力は？,相続、不法行為の損害賠償債権、遺贈,,,,,,,,
↑生まれる前に親は代理行使できるか,できない,,,,,,,,
未成年取消は保護者が行使するが、未成年本人も取消できる,できる,,,,,,,,
未成年後見開始の要件３種は？,①親権を行うものがいない、②親権を行うものが管理権を有しない、③後見開始の審判,,,,,,,,
取消権の消滅時効は？,追認できるときから5年、行為の時から20年 126条,,,,,,,,
後見開始の審判は簡易裁判所がする,✕、家庭裁判所がする _7,,,,,,,,
↑家裁は後見原因の消滅により請求があったとき後見を取消すことができる,✕、取消さなければならない_10,,,,,,,,
後見人の配偶者は後見監督人になれない,〇＿850条,,,,,,,,
↑兄弟姉妹は？,なれない＿同条,,,,,,,,
↑直径血族は？,なれない＿同条,,,,,,,,
後見人が事前に同意した法律行為は取消できない,✕、できる。同意しても期待した契約ができる可能性が低いため,,,,,,,,
成年後見監督人は選任しないこともできる,〇、家裁の任意＿849,,,,,,,,
意思表示の後、制限行為能力者になった者に対する承諾の通知は、相手方がそのことを知っていたとき取消できる,✕、できない＿97-3,,,,,,,,
↑意思表示の後死亡した場合は？,同じ,,,,,,,,
成年後見人が追認した後でも、成年被後見人本人は取消できる,✕できない,,,,,,,,
被保佐人は動産、不動産全般権利の得喪を目的とする行為は同意がなければができない,△、動産は全てではない,,,,,,,,
↑ではどんなものか,不動産その他重要な財産,,,,,,,,
↑被保佐人が同意なくした不動産売買が取消されなくなる状況を挙げよ,保佐人の追認、被保佐人の保佐開始の審判取消後本人追認、相手方が保佐人に催告後確答なしによる追認みなし,,,,,,,,
↑被保佐人に催告できますか？,〇できる,,,,,,,,
↑被保佐人も確答できますか？,〇できる,,,,,,,,
↑確答ないときは？,取消みなし,,,,,,,,
↑後見人確答できますか？,できない,,,,,,,,
↑それはなぜか？,意思無能力のため＿98-2,,,,,,,,
ー,,,,,,,,,
ー,,,,,,,,,
失踪宣告,,,,,,,,,
権限の定めのない土地管理人が可能な行為は？,保存行為、権利・性質を変えない利用改良目的の行為＿28,,,,,,,,
↑これらを超える行為をしたいときはどうする？,家庭裁判所の許可,,,,,,,,
失踪宣告後、相続された土地を売買した後、失踪宣告が取消された場合相続はどうなるのか,相続が発生しなかったことになる,,,,,,,,
↑この取引自体は有効なのか,有効,,,,,,,,
↑売買契約が無効なパターンは？,取引の一方、又は両方が悪意,,,対抗要件,,,,,
ー,,,原則,相手方,第三者,,,,
ー,,心裡留保,有効,,善意,,,,
意思表示,,虚偽表示,無効,,善意,,,,
意思表示の既定5つはなに？,①心裡留保、②虚偽表示、③錯誤、④詐欺、⑤強迫,錯誤,有効,,善意無過失,,,,
↑大きく分けると？,無効要因なのが①②③、取消要因なのが④⑤,詐欺,有効,,善意無過失,,,,
↑何がちがうのか？,①②③は取引自体が無効、④⑤は取引は有効だが取消すことができる,第三者詐欺,有効,善意無過失,,,,,
,,強迫,有効,,対抗不可,,,,
心裡留保とはなに？,売るつもりがないのに売ると意思表示すること,第三者強迫,有効,対抗不可,,,,,
↑有効か,原則有効,,,,,,,,
↑無効主張できるパターンは？,相手方に過失があるとき,,,,,,,,
↑親が養子縁組の意思がないのにあると表示した場合、子に過失がなければ無効とならない,✕、心裡留保と似ているが、例外的に当事者間に縁組意思がなければ無効になる＿802-1,,,,,,,,
心裡留保の第三者とは？,買主から目的物を転得した者,,,,,,,,
↑心裡留保が無効になった場合、第三者はどうなるのか,善意の場合は返還しなくてよい,,,,,,,,
↑第三者に過失がある場合は？,善意であれば返還しなくてよい、心裡留保の第三者は過失の有無を問われない,,,,,,,,
,,,,,,,,,
虚偽表示とはなに？,通謀してした虚偽の意思表示、仮想売買など,,,,,,,,
↑例えば何のためにするのか？,土地の差押えを防ぐための財産隠しなど,,,,,,,,
↑有効か,原則無効,,,,,,,,
↑無効を主張する状況とはどんなものがあるか？,差押え権者が債務者のした仮装譲渡の無効を主張し差し押さえる,,,,,,,,
↑虚偽表示の第三者とは？,仮装譲渡の譲受人からさらに転得した者,,,,,,,,
↑虚偽表示が無効に第三者が対抗するには？,善意の場合は返還しなくてよい,,,,,,,,
↑第三者に過失がある場合は？,善意であれば返還しなくてよい、心裡留保の第三者は過失の有無を問われない,,,,,,,,
↑この第三者に含まれる者は？,虚偽表示の目的物に利害関係を有する、差押え、抵当設定など行った者,,,,,,,,
↑賃借人は？,含まれない、利害関係なし,,,,,,,,
直接の利害関係はなくても債権者代位権を行使して仮装譲渡の無効を主張できる,できる。,,,,,,,,
↑善意の第三者から取得した転得者は悪意であっても保護される,〇,,,,,,,,
,,錯誤取消,相手,,,,,,
錯誤は有効か,原則有効,自分,過失以下,重過失,悪意,同一の錯誤,,,
↑錯誤の種類２つは？,表示の錯誤、動機の錯誤,過失以下,〇,〇,〇,〇,,,
↑原則有効なのはどっち？,両方,重過失,✕,〇,〇,〇,,,
↑表示の錯誤取消ができるパターンは何か,契約の目的及び取引上の通念に照らし重要なとき,,,,,,,,
↑このときでも取消できないのは？,表意者に重過失,,,,,,,,
↑このときでも取消できるのは？,相手方重過失or同一の錯誤,,,,,,,,
婚姻、縁組など身分行為にも錯誤取消が適用される,✕適用されない,,,,,,,,
↑動機の錯誤取消ができるパターンは何か,法律行為の基礎となる事情を表示していたとき,,,,,,,,
錯誤は状況により取引の無効を主張できる,✕錯誤でできるのは取消です,,,,,,,,
錯誤の第三者とは？,錯誤の取引後、さらに目的物を受けた者,,,,,,,,
↑錯誤が取消に第三者が対抗するには？,善意無過失で対抗できる,,,,,,,,
,,,,,,,,,
詐欺は有効か,有効,,,,,,,,
詐欺は状況により取引の無効を主張できる,✕詐欺でできるのは取消です,,,,,,,,
↑代理人、承継人も取消できる,〇,,,,,,,,
↑取消の時効は？,追認できるときから20年、行為時から5年,,,,,,,,
詐欺の第三者とは？,詐欺取引後、さらに目的物を得た者,,,,,,,,
↑詐欺取消に第三者が対抗するには？,善意無過失で対抗できる,,,,,,,,
第三者による詐欺とは？,取引の当事者でないものがだまして契約する状態,,,,,,,,
↑有効か？,原則有効,,,,,,,,
↑取消できるのか？,できる,,,,,,,,
↑相手方が対抗するには？,善意無過失で対抗できる,,,,,,,,
,,,,,,,,,
強迫は有効か？,有効,,,,,,,,
強迫は状況により取引の無効を主張できる,✕強迫でできるのは取消です,,,,,,,,
強迫の第三者とは？,強迫取引後、さらに目的物を得た者,,,,,,,,
↑強迫の取消に第三者が対抗するには？,対抗できない、必ず取消できる,,,,,,,,
第三者による強迫とは？,取引の当事者でないものが強迫して契約する状態,,,,,,,,
↑相手方が対抗するには？,対抗できない、必ず取消できる,,,,,,,,
↑取消の時効は？,追認できるときから20年、行為時から5年,,,,,,,,
ー,,,,,,,,,
ー,,,,,,,,,
代理,,,,,,,,,
代理人の利益相反行為はどうなる,無権代理とみなされる_108,,,,,,,,
↑これも許されるのはどんなとき,本人があらかじめ許諾したとき_108,,,,,,,,
↑記述で書くとしたら？,Aがあらかじめ許諾した場合を除き、無権代理行為とみなされる_108,,,,,,,,
双方代理とは？,買主と売主両方の代理人を兼任する状態のこと_108,,,,,,,,
↑どうなるのか？,禁止、双方の利益を害する可能性があるため_108,,,,,,,,
↑これも許されるのはどんなとき,本人があらかじめ許諾したとき_108,,,,,,,,
利益相反行為や双方代理行為で許諾が無くてもできるのは？,債務の履行にすぎない行為_108,,,,,,,,
代理権の濫用とは代理権の範囲を逸脱し利益を自己の利益を図ること？,✕、代理人が自己又は第三者の利益を図る目的で代理権の範囲内の行為をすること_107,,,,,,,,
↑有効か,原則有効_107,,,,,,,,
↑本人はどうしたらよいのか？,相手方が善意無過失ではない場合は、無権代理とみなす、履行しなくてよい_107,,,,,,,,
↑相手方が善意無過失のときは？,無権代理ではなくなる、有効な代理となり、履行の必要がある_107,,,,,,,,
顕名のない代理は有効か,代理ではなく他人物売買で処理される_561,,,,,,,,
↑どういう処理になるのか,他人物売買はその権利を取得して買主に移転する義務を負う_561,,,,,,,,
↑移転できない場合は？,債務不履行になる,,,,,,,,
,,,相手方悪意,いつ,いつまで,結果,,,
無権代理の保護制度の種類は？,催告権、取消権、無権代理人の責任追及,催告権,〇,いつでも,ー,確答なければ追認拒絶,,,
↑相手方の過失要件はそれぞれ何か,取消権：善意、責任追及：善意無過失、のときに行使できる,取消権,✕善意,いつでも,追認まで,取消される,,,
催告権とは？,本人に相当の期間を定め催告し、確答なければ追認拒絶とみなす_114,責任追及,✕善意無過失,要件を満たすとき,追認・取消まで,契約の履行請求、又は損害賠償請求,,,
↑相手方悪意でも行使できるか,できる,,,,,,,,
↑いつ行使できるのか？,いつでも,,責任追及要件,①代理権照明不可,,,,,
↑いつまでに行使できるのか？,本人が追認、拒絶をするまで,,,②追認が得られない,,,,,
取消権とは？,契約を取消せる_115,,,③行為能力がある（制限行為能力者でない）,,,,,
↑相手方悪意でも行使できるか,できない、善意の場合のみできる,,,④取消権行使前,,,,,
↑いつ行使できるのか？,いつでも,,,,,,,,
↑いつまでに行使できるのか？,本人が追認するまで（追認拒絶の場合は取消されるので取消す必要がない）_115,,,,,,,,
↑契約後に代理権を有しないことを知って悪意となった相手方は取消できるか,できる。115条は、契約の時において悪意の場合取消できないとしている,,,,,,,,
無権代理人の責任追及とは？,無権代理人に対し、契約の履行請求、又は損害賠償請求ができる_117,,,,,,,,
↑相手方悪意でも行使できるか,できない、善意無過失のみできる,,,,,,,,
↑いつ行使できるのか？,①代理権の照明が不可、②追認が得られない（追認拒絶）、③無権代理人に行為能力がある（制限行為能力者でない）④取消権を行使していない,,,,,,,,
↑いつまでに行使できるのか？,上記の要件を満たなさなくなるまで,,,,,,,,
↑代理権を有しないことを知らないことに過失のある相手方は責任追及ができない,〇_117,,,,,,,,
↑この場合でも責任追及できるのはどんなとき？,無権代理人が代理権を有さないことについて悪意の場合,,,,,,,,
↑無権代理人が過失により無権代理行為をした場合、いかなる場合も責任追及を免れない,✕、相手方過失のとき免れることがある,,,,,,,,
↑無権代理人が悪意により無権代理行為をした場合、いかなる場合も責任追及を免れない,✕、相手方悪意のとき免れることがある,,,,,,,,
↑責任追及できるのはどんなとき？要件全て含め一文で回答,①無権代理人に③行為能力があり、②本人が追認しなかった時、相手方が善意無過失であれば履行又は損害賠償を請求できる,,,,,,,,
,,,,,,,,,
,,,,,,,,,
,,,,,,,,,
,,,,,,,,,
,,,,,,,,,
,,,,,,,,,
ー,,,,,,,,,
ー,,,,,,,,,
時効の援用放棄,,,,,,,,,
時効はあらかじめ放棄できる,✕できない、146,,,,,,,,
連帯債務者は他の連帯債務者の時効を援用することはできる,✕できない,,,,,,,,
消滅時効援用を禁止する特約は有効か？,無効、146条,,,,,,,,
時効完成後に援用せず債務の承認をしたとき、時効の完成を知っていたとみなされる,✕、みなされる規定はなし,,,,,,,,
↑ではどうなるか,完成を知らなくても信義則上、それ以降援用できなくなる,,,,,,,,
↑行為能力のない者がした債務の承認は無効,✕、有効、債務の承認に行為能力は不要,,,,,,,,
↑未成年がした債務の承認は無効,✕、有効、同上,,,,,,,,
↑成年被後見人がした債務の承認は無効,✕、有効、同上,,,,,,,,
↑行為能力とは何か？,契約ができる能力のこと、未成年・制限行為能力者はないとされる,,,,,,,,
財産の管理権限を有しない管理能力のない未成年・成年被後見人がした債務の承認は？,できない、大7.10.9 昭13.2.4,,,,,,,,
無権代理人がする債務の承認は無効,〇、無効です,,,,,,,,
消滅時効の援用は債権者代位権の対象になる,〇、昭43.9.26,,,,,,,,
,,,,,,,,,
ー,,,,,,,,,
時効の完成猶予更新,,,,,,,,,
時効の完成猶予事由が発生すると時効の進行が止まる,✕、進行は続くが完成しなくなる,,,,,,,,
猶予事由は何があるか？,裁判上の請求、支払督促など、147,,,,,,,,
調停が猶予事由になることがある,〇、規定あり、147,,,,,,,,
破産手続参加でも猶予される,〇、規定あり、147,,,,,,,,
↑時効の更新がされるのはどんなとき？,確定判決、確定判決と同一の効力を有するもので権利が確定したとき,,,,,,,,
強制執行、競売によっても時効が猶予、更新される,〇、148,,,,,,,,
差押えによっても時効は完成するが、仮処分、仮差押えの時点では猶予されない,✕、仮差押え、仮処分でも猶予される、149,,,,,,,,
↑どのくらい？,仮差押え、仮処分が終了した時から6ヶ月猶予、149,,,,,,,,
↑時効の更新までされるのか,完成はしない、仮差押え、仮処分では猶予のみ、149,,,,,,,,
裁判外の催告とは？どんな効果があるのか,履行を催告すること、催告の時から6ヶ月時効完成が猶予される、150,,,,,,,,
↑口頭で行えるか,できる,,,,,,,,
↑猶予期間中のさらなる催告は猶予事由になるか,ならない、催告で猶予されるのは一回まで,,,,,,,,
↑催告したのち、仮差押え、仮処分したときも猶予事由にならない,✕、別規定のため仮処分でさらに猶予される,,,,,,,,
協議を行う旨の合意、とは？どんな効果があるか,その権利について協議を行う合意をし、時効完成を猶予する,,,,,,,,
↑期間の制限は？,1年以内で定める,,,,,,,,
↑書面によらない合意も有効,✕、151、書面でされたとき、と規定あり,,,,,,,,
↑さらなる合意は有効か？,有効、151-2,,,,,,,,
↑どのくらい？,本来の完成すべき時から5年以内、151ー2,,,,,,,,
↑合意した期間内は協議をやめて完成猶予を終了させることはできない,✕、協議続行拒絶の通知が認められている、151ー1ー3,,,,,,,,
↑このとき時効は完成する,✕、通知の時から6ヶ月は猶予される、151-3,,,,,,,,
↑合意した期間がこの期間より早い場合は？,早いほうが使われ猶予される、151,,,,,,,,
催告済みで猶予されている間に合意することもできる,✕、151-3、効力を有しない,,,,,,,,
合意済みで猶予されている間に催告することはできる,✕、151-3、効力を有しない,,,,,,,,
未成年が債権者の時、法定代理人が就職するまで時効は完成しない,✕、158,,,,,,,,
↑ではなんなのか,時効完成前の6ヶ月以内に法定代理人が就職した場合、6ヶ月猶予される、158,,,,,,,,
夫婦間の権利は婚姻解消の時から6ヶ月時効完成が猶予される,〇、159,,,,,,,,
相続財産は相続開始の時から6ヶ月時効完成が猶予される,✕、相続人が確定、管理人が選任、又は破産手続開始決定から6ヶ月猶予,,,,,,,,
天災等により裁判外の催告ができなかったとき、時効完成は3ヶ月猶予される,✕、161,,,,,,,,
↑ではなんなのか,裁判上の請求ができなかった時は3ヶ月猶予、161,,,,,,,,
,,,,,,,,,
ー,,,,,,,,,
取得時効,,,,,,,,,
共有者の一人に生じた地役権の時効取得は全員に生じる,〇、共有者の一人が地役権を時効取得すると他の共有者も取得する、284-1,,,,,,,,
↑この時効を完成させないためにする時効の猶予事由は全員に対してする必要がある,〇、284-2,,,,,,,,
↑それはなぜか？,共有者に対する時効の猶予、更新は全員に対して生じなければ効力を生じない、284-2,,,,,,,,
悪意占有には土地に抵当権の設定があることを知っていたことも含まれる,✕、抵当権の設定を知っていただけでは善意無過失を妨げない、昭43.12.24,,,,,,,,
↑抵当権は土地の時効取得によって消滅する,〇、原則消滅する,,,,,,,,
↑抵当権を知っていてかつ抵当権があることを容認していたとみられる場合は？,抵当権は時効取得によって消滅しない,,,,,,,,
抵当権の設定があることを知っていた場合、無過失の推定が及ばず時効取得できない,✕、抵当権の設定を知っていただけでは善意無過失を妨げない、昭43.12.24,,,,,,,,
地役権の承役地を占有している者が取得時効の要件を備えた時、地役権は占有者に移転する,✕、地役権は消滅する、289,,,,,,,,
地役権が時効取得できることに対し、成立している地役権についても時効取得の要件を備えれば消滅できる,〇、289,,,寄託,,,,,
↑この時効を完成させないようにする猶予事由は一人に生じると要役地の共有者全員に生じる,〇、292,,,書面,よらない,,,,
地役権は不可分性により、時効取得要件具備による一部の消滅は認められない,✕、権利の一部を行使しないとき、その部分が時効で消滅する、293,,引渡さない時,催告後解除,催告後解除,,,,
時効完成後の第三者が登記を備えた場合、対抗できないが、第三者が背信的悪意者の場合は登記を備えていても対抗できる,〇,,,,,,,,
,,,,,,,,,
,,,,,,,,,
,,,,,,,,,
,,,,,,,,,
,,,,,,,,,
ー,,,,,,,,,
ー,,,,,,,,,
物権,,,,,,,,,
物権に基づく返還請求は、取得した者に故意、過失がなければできない,✕、できます、場合によって回復請求等になる,,,,,,,,
↑妨害排除請求は？,できる,,,,,,,,
↑故意過失のない土地への侵害に対し、物権に基づく返還請求はできない,✕、できる,,,,,,,,
不動産,,,,,,,,,
不動産の対抗要件を必要とする第三者とはなにか？記述せよ,当事者及び包括承継人以外の者で、登記の欠缺を主張する正当な利益を有する者、177,,,,,,,,
↑これにあたらない例は？,当時者、相続人、無権利者、不法行為者、不法占拠者、背信的悪意者、177,,,,,,,,
↑賃借人は第三者にあたる,あたる,,,,,,,,
↑賃借人との関係で問題になるのは何か？,賃貸人たる地位の移転は登記がなければ賃借人に対抗できない,,,,,,,,
↑差押え権者は第三者にあたる,あたる,,,,,,,,
↑共有者は？,第三者にあたる,,,,,,,,
↑悪意の二重譲渡の相手方は？,第三者にあたる,,,,,,,,
↑悪意が第三者にあたらない場合とは何か？,背信的悪意の場合,,,,,,,,
↑背信的悪意でなければ相手方だけでなく転得者も保護される,〇,,,,,,,,
↑転得者が保護されないパターンは？,相手方背信的悪意かつ、転得者も背信的悪意のとき,,,,,,,,
,,,,,,,,,
取消と第三者,,,,,,,,,
制限行為能力取消と取消前の第三者はどちらが勝つか,制限行為取消,,,,,,,,
↑取消後は？,登記の先後,,,,,,,,
錯誤取消と取消前第三者,錯誤取消,,,,,,,,
↑取消後は？,登記の先後,,,,,,,,
↑取消前第三者が勝つパターンは？,善意無過失,,,,,,,,
詐欺取消と取消前第三者,全て錯誤と同じ結果,,,,,,,,
錯誤詐欺取消前の第三者に対抗するためにはどんな状況が必要か？,相手方に過失がある（相手方が善意無過失でない）,,,,,,,,
制限行為能力取消前の第三者に対抗するためにはどんな状況が必要か？,特にない、常に制限行為能力取消が勝つ,,,,,,,,
詐欺取消前に譲渡を受けた転得者は対抗要件を具備しない限り詐欺取消に対抗できない,✕,,,,,,,,
↑では何なのか,転得者が善意無過失であれば保護される、昭49.9.26,,,,,,,,
強迫取消前の第三者に対抗するためにはどんな状況が必要か？,特にない、常に強迫取消が勝つ,,,,,,,,
先にした仮登記は後の本登記に対抗できる,✕、対抗できない、昭38.10.8,,,,,,,,
,,,,,,,,,
解除と第三者,,,,,,,,,
解除前の第三者に対応するには？,第三者に登記がなければ、登記なしで勝つ,,,,,,,,
↑このとき解除する側の登記は具備する必要があるか,ない、第三者が登記を具備してさえいなければよい、545-1,,,,,,,,
債務不履行解除前に譲渡された第三者に対抗するには？,第三者が登記をしていない,,,,,,,,
↑解除ではなく取消だったときは対抗するには？,第三者に過失がある（転得者が善意無過失ではない）,,,,,,,,
↑取消前の第三者との関係では登記の状態は関係ないということ？,そうです。取消前は第三者の過失の有無で決まります,,,,,,,,
,,,,,,,,,
時効と第三者,,,,,,,,,
時効完成前の第三者に対抗するには？,特になし、常に時効完成が登記なしで勝つ,,,,,,,,
時効完成後の第三者に対抗するには？,登記の先後,,,,,,,,
時効完成前の第三者というためには時効完成前に譲渡と登記まで行われなければならない,✕、譲渡で足りるため登記は不要,,,,,,,,
時効完成前に譲渡され、時効完成後に登記された場合、対抗できるか？,できない、時効完成前の第三者の扱いになり、常に時効完成が登記なしで勝つ,,,,,,,,
,,,,,,,,,
相続と第三者,,,,,,,,,
共同相続人の一人がした自己持分を超える第三者譲渡に対抗するには？,特になし、常に他の共同相続人が登記なしで勝つ、899-2-1,,,,,,,,
他の共同相続人相続放棄前の第三者に対抗するには？,特になし、常に他の共同相続人が登記なしで勝つ、939,,,,,,,,
相続放棄後の場合は？,特になし、常に他の共同相続人が登記なしで勝つ、昭42.1.20,,,,,,,,
,,,,,,,,,
遺産分割と第三者,,,,,,,,,
遺産分割前の第三者に対抗するには？,解除と同じ、第三者に登記がなければ、登記なしで勝つ、909,,,,,,,,
↑分割後の場合は？,解除と同じ、登記の先後、899-2-1,,,,,,,,
,,,,,,,,,
ー,,,,,,,,,
ー,,,,,,,,,
動産,,,,,,,,,
動産を寄託した場合の寄託者は178条第三者にあたる,✕、寄託は第三者に当たらない、昭29.8.31,,,,,,,,
動産の引渡しとは何か？種類は？,現実の引渡し、簡易の引渡し、占有改定、指図による占有移転,,,,,,,,
↑引渡し前に差し押さえされた場合、対抗できない,〇、178,,,,,,,,
↑引渡し前に強制執行された場合対抗できない,〇、178,,,,,,,,
↑引渡し前の動産が賃貸されている場合、引渡し請求は賃借人に対抗できない,〇、178,,,,,,,,
占有改定で即時取得できる,✕,,,,,,,,
留置権の主張は占有改定でできる,✕,,,,,,,,
先取特権は占有改定でも主張できる,〇,,,,,,,,
質権は占有改定で取得できる,✕,,,,,,,,
譲渡担保権を第三者対抗したい場合占有改定で足りる,〇,,,,,,,,
指図による占有移転は新所有者が承諾しなければ成立しない,〇、184,,,,,,,,
,,,,,,,,,
,,,,,,,,,
ー,,,,,,,,,
ー,,,,,,,,,
即時取得,,,,,,,,,
即時取得の要件は？,①登記登録のない動産、②無権利者無権限者が占有、③有効な取引、④平穏公然善意無過失、⑤引渡し,,,,,,,,
金銭は即時取得できない,〇,,,,,,,,
相続による即時取得は可能,✕、不可、相続は取引行為ではない,,,,,,,,
窃盗による即時取得は可能,✕、不可、窃盗は取引行為ではない,,,,,,,,
↑では窃盗された物が市場に出回り、それを購入したものには即時取得が成立する？,〇、市場からの購入は有効な取引にあたる、購入者にとって窃盗の事実は取引に関係ない,,,,,,,,
即時取得は占有改定で成立する,✕、占有改定は即時取得の引渡しにあたらない,,,,,,,,
即時取得要件で推定されるものは何か？,平穏公然善意無過失、昭41.6.9,,,,,,,,
↑つまり争う時どうなるか、即時取得した者を被告とする場合,原告は平穏公然善意無過失のいずれかを満たさないことを主張立証する必要がある,,,,,,,,
取引が質権設定の時、即時取得は成立しない,✕、する,,,,,,,,
↑このとき所有権を取得する,✕、質権設定で即時取得できるのは質権のみ,,,,,,,,
代物弁済の相手方は即時取得が可能,〇,,,,,,,,
制限行為能力取消の相手方は即時取得できない,〇,,,,,,,,
↑保護者の同意がある制限行為能力者の取引の場合は？,即時取得というよりは直接の通常の取引なので所有権を取得できる,,,,,,,,
制限行為能力取消の相手方からの転得者は即時取得できない,✕、できる,,,,,,,,
↑このとき転得者は悪意でなければ過失があってもよい,✕、転得者が即時取得する内容なので、通常の即時取得の要件、善意無過失が同じく必要,,,,,,,,
即時取得した物が盗品、遺失物のとき回復請求できる期間はいつからいつ？,盗難又は遺失の時から2年,,,,,,,,
対価弁償が必要なパターンは何,競売、公の市場、同種の物を販売する商人から買ったとき、194,,,,,,,,
↑この相手方から購入した即時取得者が、盗品であることに悪意であっても対価弁償が必要,✕、194条、善意で買い受けた場合、対価弁償が必要,,,,,,,,
↑悪意でなく盗品であることを知らないことに過失がある場合は？,対価弁償が必要、善意であれば即時取得者は保護される,,,,,,,,
↑知らないことに重過失がある場合は？,同じ、対価弁償が必要,,,,,,,,
↑回復請求があったとしても対価弁償があるまで占有者は使用収益できる,〇、平12.6.27,,,,,,,,
回復請求は賃借人は行使できない,✕、回復請求できるのは被害者又は遺失者なので、賃借人がこれに当たる場合できる,,,,,,,,
↑寄託の受寄者は？,同じ、回復請求できる,,,,,,,,
↑占有者は？,回復請求できない、占有回収の訴えのみ可能,,,,,,,,
↑この訴えの期間は？,1年,,,,,,,,
動物の即時取得の要件は動産と同じ,✕,,,,,,,,
↑ではなんなのか,①善意、②１ヶ月以内に回復請求を受けない、195,,,,,,,,
↑家畜も同じか？,家畜は対象ではない、195,,,,,,,,
強制執行の債務者の所有に属さない動産が強制競売に付された場合、落札した者は即時取得できる,〇、昭42.5.30、192,,,,,,,,
,,,,,,,,,
,,,,,,,,,
,,,,,,,,,
ー,,,,,,,,,
ー,,,,,,,,,
所有権,,,,,,,,,
土地の所有権は土地の上下に及ぶ,〇、207,,,,,,,,
境界の障壁、工作物の築造修繕のとき隣地を使用する場合、隣地居住者の承諾が必要,✕、209-1、必要な範囲内で使用できる,,,,,,,,
↑このとき、承諾は不要だが隣地所有者への通知は必要,〇、あらかじめ目的日時場所方法を通知しなければならない、209-3,,,,,,,,
↑隣地の所有者に通知すれば足り、隣地を使用している者への通知は要しない,✕、所有者及び隣地使用者に通知しなければならない、209-3,,,,,,,,
隣地通行権は公道までに著しい高低差がある場合も成立する,〇、隣接する公道が崖の上にある、など、210-2,,,,,,,,
隣地通行権者は必要があるときは、自ら通路を開設することができる,〇、隣地通行権者は通路を開設できる、211-2,,,,,,,,
土地の分割で袋地になった場合、分割した他の土地のみ通行できる,〇、213,,,,,,,,
隣地通行による償金支払いは分割によって隣地通行権を取得した場合でも発生する,✕、分割による隣地通行権は償金を要しない、213-2,,,,,,,,
継続的給付を受けるための隣地の設備使用又は設備設置について、分割してその必要が生じた土地は分割した他の土地に設備を設置する,〇、隣地通行権と同じで分割した他の土地に設備を設置しなければならない、213-3,,,,,,,,
隣地から自然に流れてくるのを妨げてはならない,〇、規定あり、214,,,,,,,,
溝堀の所有者は対岸が他人の土地のとき、水路又は幅員を変更できない,〇、規定あり、219-1,,,,,,,,
高地の所有者は土地が浸水した時低地に水を通過させることができるが損害が最も少ない方法による,〇、規定あり、220,,,,,,,,
土地の水を通過させるために高地又は低地の所有者の工作物を使用してよい,〇、規定あり、221-1,,,,,,,,
↑この工作物によって利益を受けるとき、設置保存費用を分担しなければならない,〇、規定あり、221-2,,,,,,,,
境界漂の設置費用は隣地と共同の費用で設けなければならない,✕、共同の費用で設けることができる、任意規定、223,,,,,,,,
境界漂の設置保存費用は相隣者が等しい割合で負担する,〇、224,,,,,,,,
↑測量費用についても原則等しい割合による,✕、測量の費用は土地の広狭に応じて分担する、224但,,,,,,,,
協議が整わないとき、囲障は板塀又は竹垣その他類する材料かつ高さ2メートルでなければならない,〇、規定あり、225-2,,,,,,,,
↑相隣者は一人でこの囲障より良好な物、又は高さを増したものを設けることができる,〇、規定あり、227,,,,,,,,
境界漂は相隣者の共有に属すると推定されるが、溝、堀はこの限りでない,✕、溝、堀も共有と推定、囲障、障壁も同様、229,,,,,,,,
障壁が建物の一部を構成しているときも原則共有に属すると推定される,✕、建物の一部を構成する障壁はこの限りでない、230-1,,,,,,,,
↑低地の建物の高さを超える障壁については低地所有者の共有にはならない,✕、建物の高さを超える障壁部分については共有と推定されない、230-2,,,,,,,,
↑防火障壁のときは？,この限りでない、つまり共有に属すると推定されうる、230-2但,,,,,,,,
隣地の竹木の枝が境界線を超えるとき、自ら切り取ることができる状況は？,①切除を催告したが相当の期間内に切除しない、②竹木の所有者を知ることができない又は所在を知ることができない,,,,,,,,
建物を築造するには境界線から50センチ以上あけなければならない,〇、234,,,,,,,,
↑これに違反するとき隣地所有者は建物が完成するまでの間であれば建築の中止、変更をさせることができる,✕、建築に着手して1年経過、又は建物の完成によって中止変更をさせられなくなる、234-2,,,,,,,,
↑できなくなった場合、所有者は何ができるのか,損害賠償のみできる、234-2但,,,,,,,,
境界から１メートル未満の宅地を見通せる窓には目隠しをつけなければならない,〇、235,,,,,,,,
↑縁側は？,同じ、235,,,,,,,,
↑ベランダは？,同じ、235,,,,,,,,
,,,,,,,,,
所有権の取得,,,,,,,,,
無主物は動産の時に限り所有の意思を持って占有することによって所有権を取得できる,〇、239,,,,,,,,
↑不動産の場合は？,国庫に帰属する、239-2,,,,,,,,
遺失物を拾得した者は公告で所有者が判明しない時所有権を取得できるが、埋蔵物の場合も同じである,〇、240、241,,,,,,,,
↑埋蔵物が他人の所有する土地から見つかった場合どうなる,発見者と土地所有者が等しい割合で所有権を取得する、241但,,,,,,,,
不動産の付合とは何か？,不動産に従として付合した物の所有権も取得する,,,,,,,,
動産の付合とは？,付合により損傷しなければ分離できない又は過分な費用が要する時、主たる動産の所有者に帰属する,,,,,,,,
↑主たる動産の区別がつかないときは？,価格の割合で共有する,,,,,,,,
工作によって生じた価格が著しく材料価格を超えるとき、加工者が所有権を取得する,〇、246-1,,,,,,,,
↑加工者が材料の一部を供した時、その材料＋工作で生じた価格が材料価格をこえるときも同様,〇、246-2,,,,,,,,
付合、加工の規定により所有権を失ったもの、損害を受けた者はどうすべきか,不当利得返還請求により償金の請求ができる、248,,,,,,,,
,,,,,,,,,
,,,,,,,,,
ー,,,,,,,,,
ー,,,,,,,,,
共有,,,,,,,,,
共有物の使用に要求される注意は？,善管注意義務、249-3,,,,,,,,
共有持分は原則、相等しいものと推定される,〇、250,,,,,,,,
他の共有者の所在が不明なとき変更行為はできない,✕、裁判できる余地がある、251-2,,,,,,,,
↑どうするのか,他の共有者の所在を知ることができない時、裁判所は請求によりその他の共有者の同意を得て変更を加えることができる裁判ができる,,,,,,,,
↑この例外にあたらない通常の場合は変更に何が必要なのか,共有者全員の同意、251,,,,,,,,
共有持分を超える使用をするとき使用の対価を償還するが、これは義務規定である,〇、249-2,,,,,,,,
共有物の管理人を解任する行為は変更行為にあたる,✕、管理行為,,,,,,,,
↑共有者同意の要件は？,過半数の同意、252,,,,,,,,
管理行為を行いたい場合、他の共有者を知ることができない、又は所在を知ることができない時、はどうすればよいか,裁判所へ請求し当該共有者以外の共有者の過半数で管理事項の決定ができる裁判をする,,,,,,,,
↑他の共有者がわかっている状態で同意の回答が得られない時、同様の請求をするために必要なことは？,相当の期間を定め賛否の催告をし、期間内に賛否を明らかにしないとき、252-2,,,,,,,,
,,,,,,,,,
共有物の管理者,,,,,,,,,
共有物の管理者は単独で管理行為を行えるが、変更行為をする場合は共有者全員の同意が必要,〇、252の2-1,,,,,,,,
共有物の管理者が共有者を知ることができない、又は所在を知ることができないとき、その管理者の請求によっても他の共有者全員の同意を得て変更行為をする裁判ができる,〇、管理者による請求も可能、252の2-2,,,,,,,,
共有物の管理者は共有者が決した管理事項に拘束されない,✕、従って職務を行わなければならない、252の2-3,,,,,,,,
↑これに違反した管理者の行為は無効であり、共有者は第三者との関係でも無効を主張できる,✕、共有者に対しては無効、ただし第三者に対抗はできない、252の2-4,,,,,,,,
,,,,,,,,,
共有②,,,,,,,,,
各共有者は持分に応じて管理費用を支払義務を負うが、義務を履行しない場合他の共有者が持分を取得することができる,〇、253-2,,,,,,,,
↑条件は何か？,1年以内に義務を履行しない時、相当の償金を払って取得できる,,,,,,,,
共有者が他の共有者に対し有する共有物に対する債権は、その共有者の特定承継人にも及ぶ,〇、特定承継人に対して行使できる、254,,,,,,,,
共有持分を放棄したとき、原則他の共有者に帰属する,〇、255,,,,,,,,
↑共有者が死亡した場合も同様,✕、相続人がいないときは他の共有者に帰属する、255,,,,,,,,
共有物分割禁止特約は有効か,有効、256,,,,,,,,
↑年数の制限は？,5年以内,,,,,,,,
↑境界漂も分割請求できる,✕、できない、境界漂については適用しない、257,,,,,,,,
↑障壁、囲障は？,同じ、適用しない、257,,,,,,,,
分割のとき、他の共有者に共有に関する債権を有するときは債務者に帰属する共有物の部分を弁済に充てることができる,〇、259-1,,,,,,,,
共有者の債権者は分割に参加できる,〇、自己の費用で参加できる、260-1,,,,,,,,
↑相続の限定承認の財産の競売・鑑定に準用がある,〇、933、相続債権者、受遺者は相続財産の競売又は鑑定に参加できる,,,,,,,,
分割証書は保存義務がある,〇、262-1,,,,,,,,
共有物が数人に分割されたときは最大の部分を取得した者は証書を保存しなければならない,〇、262-2,,,,,,,,
共有土地の管理行為には共有者の過半数の同意が必要,✕、持分価格の過半数の同意が必要,,,,,,,,
共有者全員の同意で締結した共有土地の売買を解除する場合は、すでに同意を得ているので再度の同意は不要,✕、土地の売買契約の解除には再同意が必要,,,,,,,,
↑これはなぜか,売買契約の解除も変更行為に当たるため別途同意が必要,,,,,,,,
,,,,,,,,,
共有③　所在等不明共有者の持分取得,,,,,,,,,
所在等不明共有者の持分は他の共有者の請求により持分を取得させる裁判ができる,〇、262の2-1,,,,,,,,
↑請求した共有者は按分で取得できるが、請求をしていない共有者は取得できない,〇、共有者の請求により、その共有者に取得させる、としている、262の2-1,,,,,,,,
所在等不明共有者の持分は請求により他の共有者全員が按分して取得する,✕、請求した共有者に取得させる、262の2-1,,,,,,,,
遺産分割請求中に、所在等不明共有者持分取得の請求があっても裁判所は裁判できない,✕、遺産分割請求があるだけでなく、異議の届出があるとき裁判所は裁判できない、262の2-2,,,,,,,,
所在等不明共有者持分が相続財産に属するときでもいつでも取得請求できる,✕、相続開始の時から10年はできない、262の2-3,,,,,,,,
他の相続人の相続放棄により法定即続分以上の権利を取得した者は、登記がなければ相続放棄後に権利取得した者に対抗できない,✕、登記なく対抗できる、昭42.1.20,,,,,,,,
共有者の一人が死亡し、相続人ないとき、その共有持分はどうなるか？,特別縁故者に財産分与されなければ、他の共有者に帰属する、平1.11.24,,,,,,,,
,,,,,,,,,
,,,,,,,,,
,,,,,,,,,
,,,,,,,,,
,,,,,,,,,
ー,,,,,,,,,
ー,,,,,,,,,
所有者不明土地管理命令、所有者不明土地管理人,,,,,,,,,
所有者不明土地管理命令とは何？,所有者、又は所在を知ることができない土地に必要があると認める時、請求によって管理人による管理を命ずる処分,,,,,,,,
↑誰が請求できるか,利害関係人、264の2,,,,,,,,
↑土地にある動産に及ぶ？,動産に及ぶ、264の2,,,,,,,,
↑裁判所は所有者不明土地管理人を選任しないこともできる,✕、命令をする場合は所有者不明土地管理人を選任しなければならない、264の2,,,,,,,,
↑所有者不明土地管理人は単独で管理行為を行える,〇、264の3,,,,,,,,
↑変更行為は？,単独でできない、裁判所の許可が必要、264の3,,,,,,,,
所有者不明土地管理人が選任されている所有者不明土地等の訴えは、この管理人を原告又は被告とする,〇、264の4,,,,,,,,
↑所有者不明土地管理人はその土地の訴えの原告になることができる,〇、264の4,,,,,,,,
所有者不明土地管理人に必要な注意は？,善管注意義務、264の5,,,,,,,,
↑管理人は共有者全員のため公平に権限を行使する義務が規定されている,〇、規定あり、264の5,,,,,,,,
管理人が所有者不明土地に著しい損害を与えた時、請求により裁判所は解任しなければならない,✕、解任することができる、任意規定です、264の6,,所有者不明,,管理不全,,,,
管理人はその管理する所有者不明土地等から費用の前払を受けることができる,〇、264の7,,土地,建物,土地,建物,,,
↑但し報酬を受けることはできない,✕、費用の前払及び報酬を受けることができる、264の7,要件,所有者を知ることができない、又は所在を知ることができない,,管理が不適当であることによって他人の権利利益が侵害、又は侵害のおそれがある,,,,
,,請求者,利害関係人,,,,,,
所有者不明建物管理命令、所有者不明建物管理人,,管理人を選任しない,不可,,,,,,
所有者不明建物管理命令とは何？,所有者、又は所在を知ることができない土地に必要があると認める時、請求によって管理人による管理を命ずる処分,動産に及ぶか,及ぶ,,,,,,
↑誰が請求できるか,利害関係人、264の8,管理処分権限,専属的,,専属ではない、所有者も行使可能,,,,
↑建物にある動産に及ぶ？,動産に及ぶ、264の8,保存行為,単独,,,,,,
↑裁判所は所有者不明土地管理人を選任しないこともできる,✕、命令をする場合は所有者不明建物管理人を選任しなければならない、264の8,管理行為,単独,,,,,,
↑命令の効力は建物の賃借権、その他使用収益の権利にも及ぶ,〇、賃借権その他の使用収益を目的とする権利に及ぶ、264の8,変更行為,裁判所の許可,,裁判所の許可＋所有者の同意,,,,
↑費用、報酬について管理者不明土地管理人とほぼ同じ,〇、準用している、264の8,注意,善管注意義務,,,,,,
,,費用前払,当該土地、又は建物から可,,,,,,
管理不全土地管理命令、管理不全土地管理人,,報酬,当該土地、又は建物から可,,,,,,
管理不全土地管理命令とは何？,土地の管理が不適当なため他人の権利利益が侵害、又は侵害されるおそれがある場合、管理不全土地管理人による管理を命ずる処分,管理費用,所有者の負担,,,,,,
↑誰が請求できるか,利害関係人、264の9,,,,,,,,
↑土地にある動産に及ぶ？,動産に及ぶ、264の9,,,,,,,,
↑裁判所は管理不全土地管理人を選任しないこともできる,✕、命令をする場合は管理不全土地管理人を選任しなければならない、264の9,,,,,,,,
↑この管理人はどこまで単独で行為を行えるか,保存・管理行為まで、264の10,,,,,,,,
↑これを超える行為をしたいとき、裁判所の許可を得る必要があるが、所有者の同意は要しない,✕、裁判所の許可、所有者の同意が必要、264の10,,,,,,,,
↑この管理人に要求される注意は？,善管注意義務,,,,,,,,
↑解任、辞任、費用、報酬は所有者不明土地管理人とほぼ同じ,〇、準用ではないがほぼ同じ規定です、264の12、264の13,,,,,,,,
↑管理不全土地管理命令は所有者がわかっている状態だが、管理不全土地管理人による管理に必要な費用は当然に所有者が負担しなければならない,〇、管理に必要な費用は所有者の負担、264の13-2,,,,,,,,
↑管理人に対する報酬も所有者が支払う,〇、管理に必要な費用報酬は所有者の負担、264の13-2,,,,,,,,
,,,,,,,,,
管理不全建物管理命令、管理不全建物管理人,,,,,,,,,
管理不全建物管理命令とは何？,管理不全土地管理命令の建物バージョン,,,,,,,,
↑建物にある動産、賃借権、使用収益の権利に及ぶ？,及ぶ、264の14,,,,,,,,
↑裁判所は管理不全建物管理人を選任しないこともできる,✕、命令をする場合は管理不全建物管理人を選任しなければならない、264の14,,,,,,,,
↑権限、解任、辞任、費用、報酬は管理不全土地管理人を準用する,〇、準用規定あり、264の14,,,,,,,,
,,,,,,,,,
,,,,,,,,,
ー,,,,,,,,,
ー,,,,,,,,,
占有権,,,,,,,,,
占有者は自主占有が推定されるので、争う場合、相手方が自主占有ではないことを主張する必要がある,〇、暫定事実、186,,,,,,,,
↑善意、平穏、公然は？,同じ、推定される、186,,,,,,,,
前後の占有事実を持ってその間に占有の継続があったことを推定する,〇、事実推定、186-2,,,,,,,,
占有者が占有物について権利行使をするとき、権利は適法と推定する,〇、権利推定、188,,,,,,,,
占有者は占有物の果実を取得できるが、過失がある場合は取得できない,✕、善意の場合であれば果実を取得できる、189-1,,,,,,,,
↑善意占有者が占有権について訴えに敗訴した時、確定判決の時から悪意とみなす,✕、訴え提起のときから悪意とみなす、189-2,,,,,,,,
↑悪意占有の場合果実はどうするのか？,返還する、190,,,,,,,,
善意占有者の帰責事由による占有物の滅失、損傷は現存利益の返還でよい,〇、191,,,,,,,,
↑悪意占有の時は？,全額賠償、191,,,,,,,,
↑善意＋他主占有の時は？,全額賠償、191,,,,,,,,
↑善意の賃借人は？,賃貸借にもよるが、他主占有なので全額賠償、191,,,,,,,,
占有物の保存の必要費は回復者から償還させることができる,〇、196-1,,,,,,,,
↑果実を取得している場合もできる,✕、果実を取得したときは通常の必要費は占有者の負担、196-1,,,,,,,,
↑この場合でも特別の必要費は回復者に償還させる余地がある,〇、通常の必要費は、としている、196-1,,,,,,,,
↑有益費は？,価格の増加が現存するなら償還できる、196-2,,,,,,,,
↑このとき回復者は有益費の支出額か、増加額どちらを支払うか選べる,〇、196-2,,,,,,,,
,,,,,,,,,
ー,,,,,,,,,
占有権②　占有訴権,,,,,,,,,
占有保持の訴えとは何か？,占有が妨害された時、妨害排除＋損害賠償請求ができる、198,,,,,,,,
占有保全の訴えとは何か？,占有が妨害されるおそれがある時、妨害の予防、又は損害賠償の担保を請求できる、199,,,,,,,,
占有回収の訴えとは何か？,占有が奪われた時、返還＋損害賠償請求ができる、200,,,,,,,,
善意の占有侵奪者に対して占有回収を提起できない,✕、200-2,,,,,,,,
↑ではなんなのか,占有侵奪者からさらに占有を取得した特定承継人には占有回収の提起ができない、200-2,,,,,,,,
↑特定承継人が悪意の場合は？,占有回収の提起ができる、200-2,,,,,,,,
↑特定承継人が悪意とはどういうことか？,特定承継人が侵奪の事実を知っていること、200-2,,,,,,,,
占有の訴え時、本権に基く反訴提起はできない,✕、できる、昭40.3.4,,,,,,,,
↑では何ができないのか？,202-2 は、占有の訴えでは防御方法として本権の主張ができない、と規定している、202-2,,,,,,,,
,,,,,,,,,
,,,,,,,,,
,,,,,,,,,
,,,,,,,,,
ー,,,,,,,,,
ー,,,,,,,,,
用益物権,,,,,,,,,
ー,,,,,,,,,
地上権,,,,,,,,,
地代は賃貸借の規定を準用する,〇、266-2,,,,,,,,
期間の定めのない地上権も有効,〇、268,,,,,,,,
↑このとき地上権者はいつでも権利の放棄ができる,〇、268,,,,,,,,
↑地代を払っている場合は？,〇、予告、又は期限未到来の地代1年分を支払う必要がある、268,,,,,,,,
当事者間で期限を定めていないときも、請求によって裁判所が期間を定めることができる,〇、268-2,,,,,,,,
地上権消滅時、土地所有者が工作物竹木を時価で買い取る旨通知したときでも地上権者は収去することができる,✕、買い取る旨通知があった場合、正当な理由がなければ拒めない、269,,,,,,,,
第三者に対抗するには地上権の登記が必要,〇,,,,,,,,
,,,,,,,,,
ー,,,,,,,,,
永小作権,,,,,,,,,
永小作人は権利を譲渡できる,〇、272,,,,,,,,
永小作人は土地の賃貸ができる,〇、272,,,,,,,,
↑建物築造のために賃貸できるか？,できない、耕作又は牧畜のための賃貸はができる、272,,,,,,,,
譲渡、賃貸を禁止する永小作権は有効か,有効、設定行為で禁じたときはこの限りでない、としている、272,,,,,,,,
永小作人は不可抗力により収益の損失を受けたことを証明すれば小作料を減額、又は免れる,✕、不可抗力で損失を受けても小作料の減額免除の請求はできない、274,,,,,,,,
永小作権はいつでも放棄できる,✕、275,,,,,,,,
↑ではなんなのか,不可抗力で3年以上収益なし、又は5年以上小作料より少ない収益のとき放棄できる、275,,,,,,,,
所有者はいつでも永小作権を消滅できる,✕、276,,,,,,,,
↑ではなんなのか,2年以上小作料の支払いを怠った時、消滅請求できる、276,,,,,,,,
永小作権は50年を超えて存続できる,✕、278,,,,,,,,
永小作権は30年を下回る期間で存続できる,〇、20年以上50年以下、278,,,,,,,,
永小作権は原則更新ができない,✕、原則更新できる、278-2,,,,,,,,
当事者間で期限を定めていないときも、請求によって裁判所が期間を定めることができる,✕、これは地上権の規定です、278-3,,,,,,,,
↑ではなんなのか,期間の定めのない永小作権は30年とする、278-3,,,,,,,,
永小作権消滅時、土地所有者が耕作牧畜を時価で買い取る旨通知したときでも永小作人は収去することができる,✕、地上権を準用買い取る旨通知があった場合、正当な理由がなければ拒めない、279、269,,,,,,,,
第三者に対抗するには永小作権の登記が必要,〇,,,,,,,,
,,,,,,,,,
ー,,,,,,,,,
地役権,,,,,,,,,
地役権に似ている物といえば？,隣地通行権,,,,,,,,
↑権利発生の違いは？,通行地役権は設定行為、隣地通行権は所有権取得時から権利が発生,,存続期間,対価,抵当設定,譲渡,対抗,,
地役権の付従性はあるか,ある、281,地上権,なし、建物なら30年以上,無償、払うときは永小作権準用,できる,できる,登記,,
↑付従性とはなに？,所有権が移転すると地役権も移転する、281,永小作権,20～50年,小作料,できる,できる,登記,,
↑この付従性と異なる定めのある設定は無効である,✕、設定行為に別段の定めがあるときこの限りでない、としている、281,地役権,なし,費用のみ,分離できないので不可,分離できないので不可,登記,,
↑付従性により地役権は要役地から分離することができない,〇、281-2,,,,,,,,
地役権のみを担保とした契約も可能,✕、要役地から分離して他の権利の目的にできない、281-2,,,,,,,,
地役権に不可分性はあるか？,ある、282,,,,,,,,
↑不可分性とは何か？,地役権を分割したり一部消滅が原則できない、282,,,,,,,,
共有者は持分に応じた地役権を処分でき、消滅させることができる,✕、共有者の一人は持分の地役権の消滅はできない、282,,,,,,,,
地役権は時効取得できるか？,できる、283,,,,,,,,
↑要件は？,①継続的行使、②外形上認識できる,,,,,,,,
承役地とは何か？,地役権の利益を受ける要役地に対する行使がされる土地のことを承役地という、286,,,,,,,,
承役地の所有者が地役権のため工作物を設置、修繕の義務を負担したとき、その土地の特定承継人も当然に義務を負担する,〇、286,,,,,,,,
↑このときの特定承継人とはどんな人か？,土地の譲渡を受けた者、相続で土地を取得した者など,,,,,,,,
通行地役権の承役地に通路の修繕義務があるとき、通路の所有者は通路の所有権を地役権者に移転し義務を免れることができる,〇、287,,,,,,,,
承役地の所有者は地役権の行使のための工作物を使用することはできない,✕、できる、288,,,,,,,,
↑この使用は地役権を妨げてはならない,〇、288,,,,,,,,
↑使用で利益を受ける場合、承役地の所有者も保存費用を分担しなければならない,〇、288-2,,,,,,,,
承役地を占有している者が地役権の取得時効の要件を備えたときどうなる？,地役権が消滅する、289,,,,,,,,
↑地役権者が地役権を行使すると時効は中断する,〇、290,,,,,,,,
地役権が時効取得できることに対し、成立している地役権についても時効取得の要件を備えれば消滅できる,〇、289,,,,,,,,
↑この時効を完成させないようにする猶予事由は一人に生じると要役地の共有者全員に生じる,〇、292,,,,,,,,
地役権は不可分性により、時効取得要件具備による一部の消滅は認められない,✕、権利の一部を行使しないとき、その部分が時効で消滅する、293,,,,,,,,
第三者に対抗するには地役権の登記が必要,〇,,,,,,,,
↑承役地の譲渡後、新たな承役地の所有者に対して主張する地役権については登記を要しない,✕、新たな所有者に対抗するには地役権の登記が必要,,,,,,,,
↑要役地の譲渡後の場合は？,同じ、要役地の新たな所有者は地役権の登記がなければ承役地に地役権を対抗できない,,,,,,,,
↑通行地役権の要役地が譲渡されたときでも地役権の登記なしで対抗できるときがあるが、どんなときか？,承役地が要役地の所有者により継続的に通路として使用されていることが客観的に明らかであり、譲受人がそれを認識していた又は認識できた場合、地役権は登記なくして譲受人に対抗できる、平10.2.13,,,,,,,,
,,,,,,,,,
,,,,,,,,,
,,,,,,,,,
,,,,,,,,,
,,,,,,,,,
,,,,,,,,,
,,,,,,,,,
ー,,,,,,,,,
入会権,,,,,,,,,
入会権は地役権を準用する,〇、294,,,,,,,,
,,,,,,,,,
,,,,,,,,,
ー,,,,,,,,,
留置権,,債権,物,留置権主張,,,,,
留置権の成立要件は？,①牽連関係、②弁済期、③現に占有、④始まりが不法行為でない,敷金,建物,✕,,,,,
要求される注意は？,善管注意義務、298,造作買取,建物,✕,,,,,
留置権では果実を取得してよい,〇、297,費用償還,建物,〇,,,,,
↑債権の弁済については、費用、利息、元本の順で充当する規定があるが、留置権には特段の規定はない,✕、297-2,有益費償還,建物,✕,,,,,
↑ではなんなのか,利息、元本の順で充当しなければならない、297-2,修理代金,直った物,〇,,,,,
留置権者は他債権者との関係では先立って留置権の果実を取得できる,〇、297-1,修理代金,同所有者の他の物,✕,,,,,
留置権消滅の請求ができる違反行為とは何か？,①善管注意義務違反、②承諾のない留置物の使用賃貸担保,売買代金,建物,〇,,,,,
留置権の必要費は留置権者が負担する,✕、所有者に償還請求できる、299-1,二重譲渡の損害賠償,不動産,✕,,,,,
↑有益費は？,価格の増加が現存するとき償還請求できる、299-1,,,,,,,,
↑このとき所有者は支出額か増加額のどちらかを選んで償還することはできない,✕、所有者は支出額か増加額か選択できます、299-2,消滅事由,誰から請求,,,,,,
所有者は有益費償還請求があった場合、裁判所に支払いまでの期限を求めることができる,〇、裁判所は請求により相当の期限を許与できる、299-2,占有を失った,ー,,,,,,
留置権の行使中に消滅時効が到来した場合、援用により時効消滅する,〇、留置権は消滅時効の進行を妨げない、300,承諾のない使用賃貸担保による消滅請求,債務者,,,,,,
違反行為によらず留置権を消滅請求したい場合はどうするか？,相当の担保を供して消滅請求できる、301,相当の担保供与による消滅請求,留置権者,,,,,,
留置権者が留置物を賃貸したとき、その占有は失われ留置権は消滅するが、返還された時留置権が再度発生する,✕、302,全額の弁済,債務者,,,,,,
留置権者が留置物に質権設定をし引渡したとき、その占有は失われ留置権は消滅するが、返還された時留置権が再度発生する,✕、302,,,,,,,,
↑ではなんなのか？,承諾を得て行う留置物の賃貸、質権設定では留置権は消滅しない、302,,,,,,,,
↑これ以外で占有を失ったときは？,留置権は消滅する、占有を失うことで消滅する、302,,,,,,,,
他人物売買の買主は売主が目的物を移転できなかったとき、その損害賠償権をもって所有者からの明渡請求に留置権で対抗することができる,✕、他人物売買の相手方は留置権を主張できない,,,,,,,,
留置権は始まりが不法行為でなければ、後に不法な占有に移行しても取得時効のように主張することができる,✕、後に不法な占有になった場合は留置権を主張できない,,,,,,,,
留置権は同時履行の抗弁とはなにが違うのか？,留置権は物権なので新たな所有者にも主張ができる点、同時履行の抗弁では履行遅滞にならない点など,,,,,,,,
債権の一部について弁済を受けた場合、その限度において留置権は消滅する,✕、債権全額の弁済をするまで全部を留置できる、296,,,,,,,,
留置物に対する保存行為は承諾のない場合、留置権の消滅事由に該当する,✕、保存に必要な使用はできる、298-2,,,,,,,,
↑留置物が建物の場合、居住は保存行為として認められない,✕、居住は保存行為とされる,,,,,,,,
↑このとき留置権によって居住に対する所有者への支払いを免れる,✕、賃料相当額の支払いが必要,,,,,,,,
違反行為をしていないのに留置権が消滅した！理由は何が考えられるか？,占有を失った、又は相当の担保を供与し消滅させた、又は全額の弁済を受けた,,,,,,,,
留置物に対する必要費や有益費の償還は請求は所有者にするのであって、必ずしも留置権の目的債権の債務者と一致するとは限らない,〇、留置権の目的物がすでに第三者に売買されている場合などは、その第三者が所有者なので必要費は第三者へ償還請求する、299,,,,,,,,
留置権の行使は債権の消滅時効を妨げない（300条）が、訴訟上で留置権の抗弁を提出した場合は消滅時効の中断の効力を有する,〇、判例は訴訟で留置権の抗弁が提出されたときは時効が中断するとしている、昭38.10.30,,,,,,,,
裁判上で留置権の抗弁がされた時、裁判所は請求棄却する,✕、引換給付判決を下す、昭33.3.13,,,,,,,,
,,,,,,,,,
,,,,,,,,,
ー,,,,,,,,,
ー,,,,,,,,,
先取特権,,,共益,,,,,,
先取特権にも物上代位が認められている,〇、304,,動産,不動産,,,,,
↑目的物の滅失等による保険金債権等に物上代位したいときは、抵当権と同じく、払渡し前に差押が必要,〇、304,,不動産賃貸、宿泊、運輸,保存,,,,,
先取特権は留置権の不可分性を準用している,〇、305,,保存,工事,,,,,
↑留置権の不可分性とは何？,全額の弁済を受けるまで、全部について行使できること、296,,売買,,,,,,
,,,雇用,,,,,,
ー,,,葬式,,,,,,
一般先取特権,,,日用品,,,,,,
一般、特別の中で最も最優先される先取特権は何か？,共益費用の先取特権、329-2,,,,,,,,
一般先取特権の種類と順番は？語呂合わせがあります,きょうこそにちよう、①共益、②雇用、③葬式、④日用品,,,,,,,,
共益の先取特権とはどんなものか？,財産の保存精算配当に関する費用の先取ができる、307,,,,,,,,
雇用の先取特権とはどんなものか？,給料、雇用関係に基づいて発生した債権、308,,,,,,,,
葬式の先取特権とはどんなものか？,債務者の葬式の費用の相当額、309,,,,,,,,
一般の先取特権は動産、不動産先取特権に優先する,✕、特別の先取特権のほうが優先します,,,,,,,,
日用品の先取特権とは？,日用品供給の先取特権、生活に必要な飲食料品、燃料、電気の供給についての先取、310,,,,,,,,
,,,,,,,,,
ー,,,,,,,,,
動産の先取特権,,,,,,,,,
不動産賃貸の先取特権は不動産先取特権の項目である,✕、不動産賃貸の先取特権は動産の先取特権の項目です、311、312,,,,,,,,
動産の先取特権の順序は？,①不動産の賃貸、旅館、運輸、②動産保存、③動産売買,,,,,,,,
不動産賃貸の先取特権とはどんなものか？,賃料、賃貸借から生じた債務に関して、賃借人の動産に行使できる,,,,,,,,
土地の賃貸人が行使する先取特権は土地の果実に及ぶ,〇、313,,,,,,,,
↑賃貸人は常に果実に対し最も優先して先取特権を行使できる,✕、先取特権の順位に果実に関して別途規定あり、330-3,,,,,,,,
↑ではなんなのか？,①農業者、②肥料供給者、③土地の賃貸人、の順になる、330-3,,,,,,,,
↑土地上の建物に備え付けられた動産にも行使可能,〇、313,,,,,,,,
建物の賃貸人が行使する先取特権は土地の果実に及ぶ,✕、そのような規定はない、313-2,,,,,,,,
↑建物に備え付けられた動産には行使できるか？,できる、建物の賃貸人の先取特権は建物に備え付けられた動産に及ぶ、313-2,,,,,,,,
不動産賃貸物が譲渡、転貸されている場合、譲渡人転貸人にまで先取特権は及ばない,✕、及ぶ、314,,,,,,,,
↑どの範囲までいけるのか,かなりつよい、譲受人、転貸人の動産、譲受人、転貸人が受ける金銭にも及ぶ、314,,,,,,,,
賃借人の財産全てが精算される場合、賃貸人は前期と当期のみの賠償しか先取特権を行使できない,〇、315,,,,,,,,
↑賃貸人は敷金で弁済を受けられる部分については先取特権を行使できない,〇、316,,,,,,,,
旅館の先取特権とは？,旅館宿泊の先取特権、宿泊料、飲食料に関して、宿泊客の手荷物に行使できる、317,,,,,,,,
運送の先取特権とは？,運送費、不随費用に関して、占有する荷物に行使できる、318,,,,,,,,
↑この～に関して～に行使できるというのはつまりどういうことなのか？？,宿泊料を払わなければ客の荷物を売って弁済を受けていいし、運送費を払わないなら荷物を売って弁済を受けてよいということ,,,,,,,,
先取特権者は行使可能な物権を即時取得と同じ要領で取得することができる,〇、即時取得の規定が準用されている、319,,,,,,,,
動産保存の先取特権とは？,保存の費用、又は動産権利の保存、承認、実行の費用に関して、その動産に行使できる、320,,,,,,,,
動産売買の先取特権とは？,動産の対価、利息に関して、その動産に行使できる、321,,,,,,,,
動産の賃借人が修理に出した修理者は代金債権の不履行があればその動産に対し動産保存の先取特権を行使できる,✕、できない、動産の賃借人が修理に出した場合、賃借人は占有しかしておらず所有にあたらない,,,,,,,,
動産質権者は動産保存の先取特権より優先する,〇、動産質権者は動産先取特権の第一順位と同一の扱い、334,,,,,,,,
動産売買の先取特権は既存の抵当権に優先しない,〇,,,,,,,,
,,,,,,,,,
,,,,,,,,,
,,,,,,,,,
,,,,,,,,,
,,,,,,,,,
ー,,,,,,,,,
不動産の先取特権,,,,,,,,,
不動産の先取特権の順序は？,①不動産保存、②不動産工事、③不動産売買,,,,,,,,
不動産保存の先取特権は、動産保存の先取特権と規定はほぼ同じで、動産が不動産になっただけ？,そうです、326、320,,,,,,,,
↑では内容は何か,保存の費用、又は権利保存、承認、実行の費用に関し、その不動産に行使できる、326,,,,,,,,
不動産工事の先取特権とは何？,工事費用に関し、その不動産に行使できる、327,,,,,,,,
↑価格の増加額がない場合、行使できない,〇、価格の増加が現存する場合に限り、増加額にのみ存在する、327-2,,,,,,,,
不動産売買の先取特権とは何か？,代価及び利息に関し、その不動産に行使できる、328,,,,,,,,
不動産保存の先取特権は抵当権に優先するか？,状況による,,,,,,,,
↑どんな状態が必要か？,保存行為後直ちに登記をすれば既存の抵当権に優先する,,,,,,,,
↑工事は？,抵当権に優先する,,,,,,,,
↑売買は？,しない、おそらく,,,,,,,,
,,,,,,,,,
ー,,,,,,,,,
先取特権の順位,,,,,,,,,
動産保存の先取特権は、最初に保存した者より、後に保存した者が優先される,〇、330-1,,,,,,,,
不動産売買が順次された場合は売買の前後が優先の前後になる,〇、331-2,,,,,,,,
同一順位の先取特権が競合したときはどうなるのか？,債権額の割合に応じて弁済を受ける、332,,,,,,,,
不動産先取特権者と不動産の第三取得者は同一順位と言えるので債権額の割合に応じて弁済を受ける,✕、登記の先後で決まる、177,,,,,,,,
先取特権と動産質権はどちらが優先するか,動産先取特権の第一順位と同一の権利、基本的に動産質権が優先する,,,,,,,,
↑動産質権と同一順位の先取特権は？,不動産賃貸、旅館、運輸の先取特権,,,,,,,,
一般先取特権者は弁済を受ける財産を任意で選択するが動産か不動産かは問われない,✕、まず不動産以外の財産から弁済を受け、不足する場合のみ不動産から弁済を受けられる、335,,,,,,,,
↑不動産から弁済をうける場合は金額の低いものから選択し、担保設定があるかは問われない,✕、まず特別担保の目的とされていないものから弁済を受けなければならない、335-2,,,,,,,,
配当に加入することを怠った先取特権者と登記済第三者はどちらが優先するか,登記済の第三者、335-3,,,,,,,,
一般先取特権者は担保を有しない債権者に対抗できるが、その者が登記を有するとき対抗できない,〇、336,,,,,,,,
効力の保存されていない不動産先取特権に抵当権は優先する,〇、339,,,,,,,,
不動産保存の先取特権の効力を保存するには？,保存行為完了後直ちに登記、337,,,,,,,,
不動産工事の先取特権の効力を保存するには？,工事を始める前に登記、338,,,,,,,,
↑このときでも抵当権に先立って行使できない部分があるが何か？,登記した費用の予算額を超える超過額については存在しない、338,,,,,,,,
抵当権は登記済みの不動産工事の先取特権に優先しないが、登記した工事予算額の超過部分については抵当権が行使できる,〇、338,,,,,,,,
不動産売買の先取特権の効力を保存するには？,売買契約と同時に代価又は利息の弁済がなされていない旨の登記、340,,,,,,,,
,,,,,,,,,
,,,,,,,,,
,,,,,,,,,
,,,,,,,,,
ー,,,,,,,,,
ー,,,,発生,不可分性,消滅時効の進行,物上代位,使用収益,第三者対抗
質権,,留置権,,法定担保,あり,妨げない,,承諾,占有
本来譲渡が不可の物であっても質権の対象とすることができる,✕、譲渡できない物を目的とできない、343,先取特権,,法定担保,,,あり,,登記
質権は質物の隠れた瑕疵の損害の賠償をも担保する,〇、346,質権,動産質,約定,あり,妨げない,あり,承諾,占有
↑担保する、とはどういう意味か？,担保の対象の債権が実行できない場合、担保物を競売など行い弁済の変わりにすることができる,,不動産質,,,,,不要,登記
質権は弁済を受けるまで質物を留置できる,〇、347,抵当権,,約定,あり,,,,
質物の転質は質権設定者の同意は不要だが、この場合質物の損害は質権者が責任を負うが、不可効力による場合はこの限りでない,✕、責任転質の場合不可抗力によっても責任を負う、348,,,,,,,,
流れ質の禁止とは？,弁済期前に質物の所有権を取得することはできない、349,,転質,利息,期間,,,,
質権は一部の弁済を受けた場合はその限度で質物の一部の権利を行使できなくなる,✕、留置権を準用、質権者は全部の弁済を受けるまで質物の全部について権利行使できる、350、296,動産質,あり,あり,なし,,,,
質権も物上代位できる,〇、できる、先取特権準用、350、304,不動産質,あり,不可,10年,,,,
物上保証人としての質権設定がされた時、質権設定者は弁済又は所有権の消失によって求償権を得る,〇、351,,,,,,,,
,,,,,,,,,
ー,,,,,,,,,
動産質,,,,,,,,,
動産質権者が占有を奪われた場合、占有回収の訴え以外に回復の手段はない,〇、353,,,,,,,,
債務の弁済を受けないとき動産質権の実行ができるが、その旨を債務者に通知したとき当事者において弁済の効果を生じる,✕、質物を弁済に充てることを裁判所に請求が必要、あらかじめ債務者に通知も必要、354,,,,,,,,
同一の動産に対して複数の質権を設定することはできない,✕、できます、355,,,,,,,,
↑優劣の判断はどうするか？,質権の順位は設定の前後による、355,,,,,,,,
動産質は設定者の承諾がなくても使用収益できる,✕、留置権準用、承諾がない使用収益とできない、298-2,,,,,,,,
動産質権者は利息の請求ができない,✕、できます、358,,,,,,,,
10年を超える動産質権は無効,✕、動産質権に存続期間はない、360,,,,,,,,
,,,,,,,,,
,,,,,,,,,
ー,,,,,,,,,
不動産質,,,,,,,,,
不動産質権者が占有を奪われた場合、質権に基づく返還請求はできるか？なにが必要か,登記した不動産質権は、質権に基づく返還請求できる,,,,,,,,
不動産質は設定者の承諾がなくても使用収益できる,〇、できる、356,,,,,,,,
不動産質権者が支出した不動産の管理費は、設定者に償還させることができる,✕、不動産質権者は管理費用を払い、その他不動産の負担を負う、357,,,,,,,,
不動産質権者は利息の請求ができない,〇、その債権の利息を請求できない、358,,,,,,,,
10年を超える不動産質権は無効,✕、無効ではない、360-2,,,,,,,,
↑ではなんなのか,10年を超える不動産質権は10年とする,,,,,,,,
,,,,,,,,,
ー,,,,,,,,,
権利質,,,,,,,,,
財産権は質権の対象とできるが、現に発生していない債権を目的とすることはできない,✕、364括弧書きには、現に発生していない債権を目的とするものを含む。とある、364,,,,,,,,
,,,,,,,,,
,,,,,,,,,
,,,,,,,,,
,,,,,,,,,
ー,,,,,,,,,
ー,,,,,,,,,
抵当権,,,,,,,,,
地上権、永小作権も抵当権の対象にできる,〇、369,,,,,,,,
抵当権は担保債権の不履行があったとき、抵当不動産の果実に効力が及ぶ,〇、371,,,,,,,,
抵当権は留置権の不可分性を準用している,〇、372、296,,,,,,,,
↑不可分性とは何？,全部の弁済を受けるまでは一部の弁済があったときでも全部に対して権利を行使できる,,,,,,,,
抵当権の物上代位は留置権の物上代位を準用したものである,〇、372、304,,法定地上権,,建物,,,,
物上保証人の求償権についても留置権から抵当権に準用がある,〇、351,,抵当権設定時の状態,,あった,,,なかった,
登記をしていない抵当権の順位変更は効力を生じない,〇、374-2,,,,単独,,共有,,
抵当権の順位変更は各当事者の合意があれば、利害関係を有する者の利益を害さない時可能,✕、利害関係を有する者があれば承諾が必要、374,,,,同一,異なる,,,
抵当権者は満期後に特別の登記をしたときは2年分を超えて抵当権を行使できるが、後順位抵当権者があるときはこのかぎりでない,✕、満期後に特別の登記をしたとき2年以前の定期金にも行使できる、375,,土地,単独,可,不,可,不,
抵当権そのものを譲渡するときは債権譲渡の対抗要件を具備しなければ債務者に対抗できないが、順位の譲渡のみでは要しない,✕、抵当権そのもの、順位の譲渡、放棄、担保には債権譲渡の対抗要件を具備しなければ債務者に対抗できない、377,,,共有,不,不,不,不,
↑債権譲渡の対抗要件とは何か？,譲渡人が債務者に通知、又は債務者が承諾しなければ債務者その他第三者にに対抗できない、467,,,,,,,,
抵当権の代価弁済とは何？,抵当不動産を買い受けた第三者が、抵当権者の請求に応じ弁済したとき抵当権が消滅する、378,,,,滅失、再築,,,,
債務者、保証人、承継人、第三取得者は抵当権消滅請求をすることができる,✕、第三取得者は抵当権消滅請求できます、379、380,,,,単独抵当,共同抵当,,,
↑抵当不動産の取得に停止条件がふされている第三取得者は抵当権消滅請求できない,✕、停止条件が付されていても条件の成否が確定した後であれば可能、381,,,,可,不,,,
被担保債権の弁済期が到来していても、差押え前であれば抵当権消滅請求ができる,〇、できる、382,,,,,,,,
抵当権消滅請求は登記を有する各債権者に書面を送付して行う,〇、383,,,,,,,,
↑書面の送付を受けた債権者が2か月以内抵当権を実行しないとき、請求の代価を承諾したとみなされる,〇、384,,,,,,,,
物上代位はすでに差押された物に対し行使することはできない,〇、304,,,,,,,,
抵当実行により建物引渡を請求された賃借人は、明渡請求の時から6ヶ月は引渡さなくてよい,✕、明渡請求の時ではなく買受けの時から6ヶ月、請求がなくても買受けから6ヶ月立っていれば明渡を免れない、395,,,,,,,,
↑この6ヶ月の間、買受人に対し賃借人が何の支払もしないとき買受人はどうすべきか,使用の対価を①相当の期間を定め②1ヶ月分以上の支払催告をし③相当の期間内に履行がない場合は賃借人は明渡を免れない、395-2,,,,,,,,
抵当権は債者、設定者に対しては、被担保債権と同時でなければ時効消滅しない,〇、396,,,,,,,,
地上権に抵当設定した地上権者は、地上権自体を放棄した場合、抵当権者は対抗できない,✕、地上権者はその権利放棄で抵当権者に対抗できない、398,,,,,,,,
↑永小作権ならどうか？,同じ、永小作人はその権利放棄で抵当権者に対抗できない、398,,,,,,,,
,,,,,,,,,
,,,,,,,,,
ー,,,,,,,,,
抵当権判例,,,,,,,,,
物上代位の目的である賃料債権がすでに第三者に譲渡され対抗要件を具備していた場合、物上代位権の行使はできない,✕、物上代位の目的債権が譲渡された場合でも物上代位権を行使できる、平10.1.30、p374,,,,,,,,
↑動産先取特権の物上代位も同様に行使できるか,不可、判例によると抵当権とは異なり、同状況での物上代位は不可としている、平17.2.22、p376,,,,,,,,
304条物上代位の払渡し又は引渡しに債権譲渡は含まれる,✕、含まれない、平10.1.30,,,,,,,,
↑つまりどういうことか？,物上代位したい債権が譲渡されたとしても物上代位権の行使が可能、平10.1.30,,,,,,,,
物上保証人は保証人の規定に則り、弁済期の到来後であれば事前求償権を有する,✕、事前求償できない、物上保証人は物権設定行為の委任にすぎず、債務負担行為の委任ではなく460条のを類推適用できない、平2.12.18,,,,,,,,
↑委託を受けた保証人は求償権を有する,〇、460,,,,,,,,
抵当不動産の不法占拠者に対しては、交換価値の～困難となる状態があるとき、所有者の妨害排除請求権の代位行使もできるし、抵当権に基づく妨害排除請求もできる,〇、判例ではどちらも可能としている、平11.11.24,,,,,,,,
↑交換価値の～、とはなにか,不動産の交換価値実現が妨げられ抵当権の優先弁債権行使が困難となるような状態があるときは、平11.11.24,,,,,,,,
抵当不動産の占有者は抵当権者の妨害排除請求に対抗するには所有者から占有権の設定が必要,✕、占有権の設定を受けても抵当権に対抗できない、平17.3.10,,,,,,,,
1番抵当設定時は土地建物の所有者が異なり、2番抵当設定時に同一だった時、1番抵当消滅後の2番抵当実行で法定地上権は成立する,〇、結局のところ実行される抵当権の設定当時はどうだったか？で考える、平2.1.22,,,,,,,,
↑このとき1番抵当が消滅しない状態で2番抵当が実行された場合は？,法定地上権が成立しない、平2.1.22,,,,,,,,
抵当設定時、土地建物が同一所有者であり、建物が滅失、再築されたとき法定地上権は？,成立する,,,,,,,,
↑これが共同抵当だった場合は？,成立しない,,,,,,,,
被担保債権の弁済期前に抵当不動産が不法占有された場合、抵当権者は妨害排除請求できない,✕、できる場合がある,,,,,,,,
↑どんなときであれば妨害排除ができると考えられるか？,抵当不動産の交換価値の実現が妨げられ抵当権の優先弁債権行使が困難となるような状態があるとき、平11.11.24,,,,,,,,
↑このとき、抵当権者は抵当権に基く妨害排除請求ができる,〇、できる、平11.11.24,,,,,,,,
↑抵当権者は抵当権に基いて防火委排除請求することができ、所有者の所有権に基づく妨害排除請求権を代位行使することもできる,〇、両方できる、平11.11.24,,,,,,,,
,,,,,,,,,
,,,,,,,,,
,,,,,,,,,
,,,,,,,,,
,,,,,,,,,
ー,,,,,,,,,
ー,,,,,,,,,
債権,,,,,,,,,
金銭に見積もることができないものは債権の目的にできない,✕、できる、399,,,,,,,,
特定物の引渡し債務に対しては善管注意義務を負う,〇、400,,,,,,,,
↑種類数量のみで指定された物が、この特定物に変わるタイミング2種は？,①給付に必要な行為を完了、②債権者の同意を得て給付すべき物を指定、401,,,,,,,,
↑この行為で特定物になったときから善管注意義務を負う,〇、400,,,,,,,,
↑物が特定物になるまでは所有権は移転していない,〇,,,,,,,,
↑債務者が持参して提供した場合、給付は特定する,〇,,,,,,,,
↑債権者が取りに行く場合、分離、通知したときに特定するが準備しただけでは特定しない,✕、準備段階でも特定することはある,,,,,,,,
↑要求される注意が善管注意義務から自己財産同一義務に変わるタイミングがあるがどんなときか？,受領遅滞のとき、履行の提供をしたが債権者が履行を受けることを拒み、又は受けることができないとき、履行の提供の時から引渡しまでの間、自己財産と同一の注意義務で足りる、413,,,,,,,,
法定利率は3年を一期としてみなおされるが、その率自体は政令に委任している,✕、民法上に規定あり、年3%、404-2,,,,,,,,
1年分以上延滞した利息は、催告しても支払わない時、元本に組み入れることができる,〇、405,,,,,,,,
選択債権の場合、選択権は債務者、つまり選択できる物を持っている側が決める,〇、406,,,,,,,,
選択を催告しても選択しないとき、選択権は相手方に移転するが、債権が弁済期にある必要はない,✕、弁済期にある時、催告しても選択しない場合相手方に移転します、408,,,,,,,,
数個の給付の目的の中に不能なものがあるとき、相手方の過失により不能を生じた場合は、その不能なものについても選択の余地がある,〇、410,,,,,,,,
↑選択権を有する者の過失で不能を生じた場合は？,残存するものについて存在する、410,,,,,,,,
利率の定めのない金銭債権の利息利率はどのタイミングの何で決まるのか,金銭を受取った日の法定利率,,,,,,,,
↑貸付期間中に法定利率の改定があった場合、応じて利率も変動する,✕、法定利率の変動しても適用されない、404-1,,,,,,,,
不法行為の賠償の遅延損害金の利息利率は？,不法行為時の日の法定利率,,,,,,,,
債務不履行の遅延損害金の利息利率は？,遅延の責任を負ったその日の法定利率,,,,,,,,
↑遅滞の責任を負うとはどういう意味か？,遅滞のカウントを始める日、ということ,,,,,,,,
,,,,,,,,,
ー,,,,,,,,,
債権の効力,,,,,,,,,
債権に確定期限の定めがあるときいつから遅滞を生じるか？,期限が到来したとき、412-1,,,,,,,,
債権に不確定期限の定めがある場合、いつから遅滞か？,①期限到来後履行の請求があった時、②債務者が期限の到来を知った時、のどちらか早い方、412-2,,,,,,,,
債権に期限の定めがない場合、いつから遅滞か？,債権者からの履行の請求があったとき、412-3,,,,,,,,
1月10日を引渡し日とする動産売買において、特段の事情なく1月10日に履行がなかった場合、履行遅延となる,〇、確定期限のある債権、412-1,,,,,,,,
試験に合格した場合引渡すとする動産売買において、合格した当日から当然に履行遅滞を生じる,✕、不確定期限のある債権、412-2,,,,,,,,
↑ではなんなのか？,債務者に履行の請求、又は合格したことを債務者が知った時から生じる、412-2,,,,,,,,
動産売買契約をしたが特に期限を定めていなかった、債務者は債権者から請求をされた時から履行遅滞を生じる,〇、期限の定めのない債権、412-3,,,,,,,,
試験に合格したら引渡すとする不動産売買において、合格したことを債務者に通知した後、その引渡しの前に不動産が落雷によって滅失したとき、債権者は損害賠償責任を免れない,〇、413-2,,,,,,,,
↑どういうことなのか説明せよ,①不確定期限の債権の期限到来後の通知があるため履行遅滞を生じており、②履行遅滞中にどちらの帰責事由もなく履行不能になった場合、債務者の帰責事由によるとみなされ損害賠償責任を負う,,,,,,,,
↑もし通知する前に滅失していたら？,履行期が到来していないことになり、賠償責任を負わない,,,,,,,,
履行不能であっても債権者の履行請求権は行使できる,✕、履行不能の場合履行の請求自体ができない、412の2,,,,,,,,
履行の提供をしたが受領を拒み又は受けられない場合、それにより費用が増加した時、増加額分も債権者に請求できる,〇、増加額は債権者の負担とする、413-2,,,,,,,,
履行の提供を拒み又は受けられない状況で双方の帰責事由なしで不能になったとき、履行遅滞の時と同じく債権者の帰責事由とみなされる,〇、413の2-2,,,,,,,,
↑どういうことか説明せよ,履行遅滞、履行の提供を拒み又は受けられない（受領遅滞）のときに、双方帰責事由のない不能が発生した場合、債権者の帰責事由とみなされる、413の2-1、413の2-2,,,,,,,,
↑不能が発生とは例えば何か？,目的不動産の滅失など,,,,,,,,
債務者が任意に履行をしない時、強制執行など裁判所に請求するか、損害賠償請求するか選択できうる,✕、強制執行等は損害賠償を妨げないので両方できます、414-1、414-2,,,,,,,,
債務の不履行が取引上の社会通念に照らし債務者の帰責事由とできない場合、債権者は賠償請求できない,〇、415,,,,,,,,
↑これは履行をしたが債務の本旨に従った履行でない場合も同様である,〇、415,,,,,,,,
売買契約の売主が目的物を引渡した後、買主が代金の支払い期限を過ぎても支払わなかった場合、買主が無資力となっており支払いができない状況にある場合は履行不能となる,✕、金銭債務の特則により、金銭債務は履行不能を生じず履行遅滞のままとなる,,,,,,,,
売買契約の代金債権の支払いが遅滞したことによる損害賠償請求において、損害の証明責任は債権者側にある,✕、金銭債務の特則により、損害の証明が不要、419-2,,,,,,,,
売買契約の代金の支払いが遅れた買主は、天災等の不可抗力により遅滞を生じたことを証明しなければ責任を免れない,✕、金銭債務の特則により、不可効力を抗弁とできない、つまり不可抗力が証明できても抗弁とならないので責任を免れない、419-3,,,,,,,,
売買契約の代金債権の遅滞による取り立て費用は賠償の対象になる,✕、金銭債務の遅滞の取り立ての費用を請求できない、昭48.10.11,,,,,,,,
↑弁護士費用は賠償の対象になる,✕、金銭債務の弁護士費用は賠償請求できない、昭48.10.11,,,,,,,,
土地売買契約の当時価格より引渡し時の価格が増加しており、そのことにより損害を受けた場合、当然に賠償請求の対象となる,✕、416-2,,,,,,,,
↑ではなんなのか？,特別の事情で生じた損害は、当事者が事情を予見すべきであったときは賠償請求できる、416-2,,,,,,,,
債務不履行についての損害賠償額をあらかじめ予定しておくことはできるが、この場合履行の請求又は解除ができないと推定される,✕、賠償額の予定がある場合でも履行の請求又は解除権の行使が可能、420,,,,,,,,
契約に違約金の定めがある場合、その違約金は賠償額の予定と推定される,✕、420-3,,,,,,,,
損害賠償の予定は金銭によって定めなければならない,✕、金銭でないものを賠償に充てる予定も可能、421,,,,,,,,
,,,,,,,,,
ー,,,,,,,,,
債権者代位権,,,,,,,,,
債権者代位権の行使ができないもの2種はなに？,一身専属権、差押を禁じられた債権、423,,,,,,,,
債権者は弁済期が到来するまで一切の被代位権利を行使することができない,✕、保存行為はできる、423-2,,,,,,,,
被代位権利が動産の時、自己に引渡しを請求できるか,できる、423の3,,,,,,,,
↑不動産の場合は？,自己に引渡し請求できない、423の3,,,,,,,,
被代位権利は継続して行使されうるものであり、被代位権利の行使で債権者に動産の引渡しがあったとしても当然には被代位権利は消滅しない,✕、債権者への引渡しで消滅する、423の3,,,,,,,,
被代位権利行使の相手方は、債務者に対抗できる抗弁をもって、被代位権利を行使する債権者にも対抗できる,〇、423の4,,,,,,,,
被代位権利を行使した場合も、債務者は自己で取立て他を行うことができるが、これは相手方も同じなので、相手方は債務者に履行することが当然にできる,〇、被代位権利の行使は相手方の債務者への履行を妨げない、423の5,,,,,,,,
債権者代位権の転用とは？,債権者代位権の規定を準用するなりして、債務者の権利を代位行使できるパターンがあり、それのこと,,,,,,,,
↑具体的には2種あるがなにか？,①登記請求権の代位行使、②賃貸人の所有権に基く妨害排除請求権の代位行使,,,,,,,,
↑登記のほうはどういったものなのか説明せよ,不動産の譲受人が譲渡人が登記をまだ得ていないことにより、移転登記を受けられない場合、譲受人が登記を有する者に対して持つ登記請求権を代位行使して登記を経由させることができる、423の7,,,,,,,,
↑賃貸のほうはどういったものか？説明せよ,賃貸借のある土地建物を不法占有する者があるとき、賃借人には妨害請求する権利がない場合、賃貸人の所有権に基く妨害排除請求権を代位行使して妨害排除を行える、605の4,,,,,,,,
↑ではどのような状況であれば、賃借人は自己の権利に基いて請求できるか,賃借権が物権化している場合、605の4,,,,,,,,
↑物権化にの要件は？,①賃借権の登記、②建物の引渡し、土地賃貸借の場合は土地上建物の所有権登記,,,,,,,,
↑物権化した賃借権は、賃貸人からの明渡し請求に対抗できる,〇、物権対物権、物権化した賃借権対所有権、になるので先に対抗要件を備えた方が勝つ、605の4、177,,,,,,,,
被保全債権とは何か？,債権者代位権を行使する債権者が有する債権で、被代位権利を行使して保全しようとする債権のこと,,,,,,,,
↑金銭以外にも目的物の引渡しや履行についても被保全債権として被代位権利の行使が可能,✕、被保全債権は金銭債権でなければならない,,,,,,,,
弁済期が到来しており、債務者には弁済が可能な資力があるにも関わらず、履行しない場合、債権者代位権の行使が可能,✕、債務者が無資力でないとできない,,,,,,,,
債権者代位権の要件は？,①被保全債権が金銭債権、②債務者が無資力、③弁済期の到来、④債務者が被代位権利を行使していない,,,,,,,,
被保全債権が登記が必要な目的物の場合、弁済期の到来を待たず、被代位権利を行使して登記請求することができる,〇、保全の為の登記は保存行為にあたる,,,,,,,,
,,,,,,,,,
ー,,,,,,,,,
詐害行為取消権,,,,,,,,,
詐害行為とはなにか？,債権者を害するこを知ってした行為、424,,,,,,,,
詐害行為の受益者とはなにか？,詐害行為によって利益を得た第三者のこと、424,,,,,,,,
受益者が詐害について知らなかったときでも詐害行為取消の対象となる,✕、受益者が知らなかったときはこの限りでない、424,,,,,,,,
受益者が詐害に当たる行為の当時、そのことを知らなかったが、後に詐害行為について知った場合、詐害行為取消の対象となる,✕、行為の時において知らなかった受益者は保護される、424,,,,,,,,
10万円の金銭債権を負っている債務者が100万円分の詐害行為をしたとき、その後同じ債権者から90万円の債務を負った場合、合わせて100万円の詐害行為取消を債権者は主張することができる,✕、詐害行為の前に発生した債権のみ詐害行為取消請求できる、このケースでは先の10万円分のみ、424-3,,,,,,,,
強制執行ができない債権を有する債権者は、その債権について詐害行為取消権の行使はできない,〇、424-4,,,,,,,,
詐害行為取消の要件は？,被保全債権が①金銭債権、②詐害行為前の原因で生じ、③強制執行でき、④債権者を害し、⑤詐害意思があり、⑥受益者が悪意,,,,,,,,
↑金銭債権以外の被保全債権は詐害行為取消の対象になる余地は一切ない,✕、引渡請求権で詐害行為取消を認めた判例あり、昭36.7.19,,,,,,,,
,,,,,,,,,
ー,,,,,,,,,
相当な対価,,,,,,,,,
債務者が財産を処分するとき、それが詐害行為にあたるのは相当の対価を得ていない場合に限られる,✕、相当の対価を得ていても一定の場合詐害行為取消ができる、424の2,,,,,,,,
↑どんな行為の場合相当の対価を得ていても詐害行為となりえるのか？,①不動産の金銭への換価、②財産の種類の変更、424の2,,,,,,,,
↑この行為をした場合直ちに詐害行為となる,✕、424の2,,,,,,,,
↑ではどんなときか,①不動産の金銭への換価、②財産の種類の変更、が隠匿等の処分のおそれを現に生じさせるものである場合、424の2-1,,,,,,,,
↑おそれがあれば足り、債務者が隠匿の意思なくただ処分したにすぎない場合でも、詐害行為取消が可能,✕、債務者が隠匿等の処分をする意思を有していた、ことが必要、424の2-2,,,,,,,,
↑現に隠匿のおそれがあり、債務者が隠匿の意思を有していたとき、受益者がそのことを知らなかった場合でも詐害行為取消ができる,✕、受益者が債務者が隠匿等の意思を有することを知っていた、ことが必要、424の2-3,,,,,,,,
↑受益者が隠匿等の意思について知っていたときでも、それを知ったのが行為当時ではなく、行為後の時点においてであった場合、詐害行為取消はできない,〇、行為の当時、受益者が隠匿等の意思を有することを知っていた、ことが必要、424の2-3,,,,,,,,
相当の対価得てした行為を詐害行為取消するための要件は？,①不動産の換価、財産種類の変更、で隠匿等の処分をするおそれを現に生じさせる、②行為の当時債務者が隠匿等の意思を有していた、③行為の当時受益者が債務者の隠匿等の意思を知っていた,,,,,,,,
ー,,,,,,,,,
特定債権者への弁済他,,,,,,,,,
債務者が複数の債権者から債務を負っている場合、他の債権者に対して弁済した場合、直ちに詐害行為となる,✕、424の3,,,,,,,,
↑ではどんなときに詐害行為取消が可能なのか？,①支払不能のとき、②債務者と受益者が通謀して他の債務者を害する意図で行われた、424の3,,,,,,,,
債務者が他の金銭債務の弁済期到来前に、代物弁済して無資力となった場合、支払不能の状態で行った弁済ではないので詐害行為取消できない,✕、時期が債務者の義務に属しないとき、支払不能になる前に行われた行為は詐害行為となりうる、424の3-2,,,,,,,,
↑この場合でも受益者が詐害行為について知らなかった場合、詐害行為取消できない,〇、この場合でも債務者と受益者の通謀が必要、424の3-2,,,,,,,,
特定債権者への弁済に対する詐害行為取消の要件は？,①支払不能、②債務者と受益者が通謀して他の債務者を害する意図で行った、424の3,,,,,,,,
特定債権者への弁済により資力を失った債務者に対する詐害行為取消の要件は？,①支払不能30日前に行われた、②債務者と受益者の通謀,,,,,,,,
ー,,,,,,,,,
過大な代物弁済,,,,,,,,,
過大な代物弁済に対する詐害行為取消はその弁済によって無資力となった場合を要件として可能である,✕、無資力であることを要しない、424の4,,,,,,,,
過大な代物弁済に対する詐害行為取消は受益者がそのことを知らなかったときでも可能である,✕、受益者が知らなかった時は保護される、424の4、424,,,,,,,,
過大な代物弁済に対する詐害行為取消の場合は、その行為の後に発生した債権であっても取消の主張が可能,✕、過大な代物弁済であっても後に発生した債権では主張不可、424,,,,,,,,
過大な代物弁済を行ったとき、詐害行為取消件権はその弁済全部に及ぶ,✕、消滅した債務の額に相当する部分以外の部分を取消せる、424の4,,,,,,,,
過大な代物弁済に対する詐害行為取消の要件は？,①受益者の受けた給付が過大、②通常の詐害取消要件、424の4,,,,,,,,
ー,,,,,,,,,
詐害行為後の転得,,,,,,,,,
全ての転得者が、転得の当時詐害行為であることを知っていたときは詐害行為取消できる,〇、424の5,,,,,,,,
↑このときでも受益者が詐害行為について知らなかった場合、取消できない,〇、受益者が知らなかった時点で次の転得者への移転も有効な取引になる,,,,,,,,
ー,,,,,,,,,
詐害行為取消権判例,,,,,,,,,
債務者が相続放棄をしたとき、詐害行為として取消できる,✕、相続放棄は詐害行為取消できない、取消できると相続を強制することになるため不可、平11.6.11,,,,,,,,
,,,,,,,,,
詐害行為取消請求を棄却する判決は債務者の全ての債権者まで及ぶ,✕、認容判決は債務者の全ての債権者に効力を有する、425,,,,,,,,
詐害行為取消期間の制限は？,害することを知った時から2年、行為の時から10年,,,,,,,,
詐害行為取消と自己への引渡しの動産、不動産の違いについて述べよ,詐害行為を取消て動産の返還を求める場合、自己に引渡しを請求できる。不動産の返還の場合、自己名義に移転請求ができない、424の9,,,,,,,,
,,,,,,,,,
,,,,,,,,,
,,,,,,,,,
,,,,,,,,,
,,,,,,,,,
,,,,,,,,,
,,,,,,,,,
ー,,,,,,,,,
ー,,,,,,,,,
多数当事者間の債権債務,,,,,,,,,
ー,,,,,,,,,
連帯債権,,,連帯債権,連帯債務,保証,連帯保証,,,
連帯債権とは何か？,債務に足して債権者側が複数であり、連来して履行を請求したりできる契約形態のこと、432,弁済,絶,絶,絶,絶,,,
各債権者は全ての債権者のために債務全部の請求ができる,〇、432,相殺,絶,絶,絶,絶,,,
各債権者は他の債権者の為に履行をすることができる,〇、432,混同,絶,絶,絶,絶,,,
連帯債権の更改は絶対効である,〇,更改,絶,絶,絶,絶,,,
絶対効とはなにか？,一人の債権者に生じた効果が他の債権者にも効果を発生させる,免除,絶,相対,絶,相対,,,
連帯して90万の債権を3人が負っている場合、1人の連帯債権者が30万円分の債務を更改した場合、残りの連帯債権者は残額の60万まで債務者に請求できる,〇,請求,相対,相対,絶,相対,,,
連帯債権者の時効消滅は絶対効である,✕、相対効,承認,相対,相対,絶,相対,,,
90万の連帯債権に対し、連帯債務者の1人が時効消滅した場合、残りの債権者はその連帯債権者が有した価額を引いた残額について請求できる,✕、時効消滅は相対効なので、90万全額請求できる,時効,相対,相対,絶,相対,,,
債務者の1人が死亡し連帯債権者の1人が相続したとき、その連帯債権者分の債権は全額弁済されたと同じことになり、残りの連帯債権者は残額のみ請求できる,〇,負担,分別,全部,分別,全部,,,
↑この状態のことをなんというか？,混同,,,,,,,,
連帯債権者の相殺は絶対効である,〇、相殺の限度で債権は減少する,,,,,,,,
,,,,,,,,,
ー,,,,,,,,,
連帯債務,,,,,,,,,
連帯債務は当事者の意思表示以外、法令の規定で設定されることがある,〇、436,,,,,,,,
連帯債務者の1人が債権者から債務を免除された場合でも、債権者は他連帯債務者に全額の請求をすることができる,〇、連帯債務の免除は相対効,,,,,,,,
免除された連帯債務者は他連帯債務者からの求償を免れない,〇,,,,,,,,
連帯債務者の1人が時効完成により債務消滅した場合、他の連帯債務者はその価額の限度で債務を免れる,✕、時効の完成は相対効なので全額の請求を免れない、441,,,,,,,,
連帯債務者の求償権は、自己の負担部分を超えて弁済したときでなければ発生しない,✕、自己の負担部分を超えるかどうかにかかわらず、各自の負担部分に応じた額の求償権を得る、442,,,,,,,,
↑つまり90万の連帯債務を3人で負っている場合、1人が9万弁済するとどうなるのか？,各自の負担部分に応じて請求できる、この場合残りの二人に3万ずつ請求可能,,,,,,,,
↑求償権に基づいて請求した場合、利息を請求することが可能か？,利息請求可能、442-2,,,,,,,,
連帯債務の債権者は1人にのみ全額の請求をしてもよいし、それぞれの負担部分を考慮せず適当に振り分けて請求してもよい,〇、どちらも可能,,,,,,,,
↑自己の負担部分以上請求された連帯債務者はどうすればよいのか,請求額の支払いは免れないが、他の連帯債務者に対し求償権を得るので請求すべき,,,,,,,,
連帯債務者の1人が他の連帯債務者に通知せずおこなった弁済は無効である,✕、有効、求償権に影響があるだけで有効である、443,,,,,,,,
↑他の連帯債務者は自己でも弁済できたことを主張すれば、通知せず弁済した連帯債務者からの求償を拒むことができる,〇、443,,,,,,,,
↑自己でも弁済ができた事由が、債権者への相殺であった場合、相殺で消滅すべきであった債務の履行を請求できる,〇、443,,,,,,,,
↑相殺で消滅すべきであった債務の履行を請求できる、とはどういう意味か？,相殺すれば両当事者の債権が消滅するところ、既に弁済を受けてしまった債権者に対しては、その相殺すべき債権がないため、消滅ではなく履行をさせるというもの,,,,,,,,
連帯債務者の1人が他の連帯債務者に通知せず弁済したとき、その後他の連帯債務者が弁済した場合、通知せず弁済した債務者の求償に対抗し、逆に通知しなかった債務者に求償できる,〇、443-2,,,,,,,,
連帯債務者の1人が他の連帯債務者に通知せず弁済したとき、そのことを知りながらあえて弁済をした他の連帯債務者は通知をしなかった連帯債務者からの求償を免れるが、逆に求償することはできない,✕、他の債務者が善意で弁済したとき有効とみなす、悪意の場合は求償を拒めないと考えられる、443-2,,,,,,,,
連帯債務者の中に資力のない者がある場合、償還できない部分は各自の負担部分で分割して負担する,〇、444,,,,,,,,
連帯債務者の1人に時効が完成した場合、その連帯債務者は債務を免れ、かつ求償も受けることはない,✕、時効完成しても求償できます、445,,,,,,,,
連帯債務者の1人が債務を免除されたとき、その効果は他の連帯債務者には及ばず、求償権も発生しない,✕、免除されても他の連帯債務者は求償できます、445,,,,,,,,
,,,,,,,,,
ー,,,,,,,,,
保証,,,,,,,,,
保証は書面でする他、口頭の意思表示でも成立する,✕、保証は書面でしなければ効力を生じない、446,,,,,,,,
主たる債務につき損害賠償責任が生じた時、債務自体の額についてのみ保証人は義務を負う,✕、保証債務は利息、違約金、損害賠償を包含します、447,,,,,,,,
債務の態様によって主たる債務より保証人の負担が大きくなるときでも保証人は主たる債務から発生した部分は全て負担しなければならない,✕、主たる債務の限度で負担は減縮します、448-1,,,,,,,,
保証契約締結後、主たる債務の目的が加重された場合でも保証人は特段の事情がなければ加重された部分を負担する,✕、保証契約締結後、主たる債務の目的が加重された場合、保証人の負担は加重されない、448-2,,,,,,,,
50万の金銭消費貸借契約の保証契約後、その額が100万に変わったとしても、保証人は50万以上の負担は負わない,〇、主たる債務の目的が加重されても保証人の負担は加重しない、448-2,,,,,,,,
保証契約締結時、主債務者が制限行為能力者であることを知りながら保証人となった場合、行為能力取消でも保証契約が消滅しない,〇、449条 取消すことができる債務の保証を参照、449,,,,,,,,
↑この場合、保証契約はどうなるのか？,保証人は、主債務者と同じ独立の債務を負担したものと推定する、449,,,,,,,,
保証契約は債務者が保証人を立てることによるが、債務者が保証人を指定する場合もある,〇、450-3,,,,,,,,
行為能力がない者は保証人になれない,〇、450,,,,,,,,
↑後見人は保証人になれるか？,なれない、行為能力なし,,,,,,,,
↑未成年は保証人になれるか？,なれない、行為能力なし,,,,,,,,
保証人は行為能力者であれば足り、資力に関して債務の弁済をする資力を有するかまでは要件ではない,✕、弁済をする資力を有すること、が要件です、450,,,,,,,,
たとえ資力を有する保証人を債務者が立てた場合であっても、債権者が保証人を指定してきた場合は、その者が弁済を見込める資力がなくても保証契約が成り立つ,〇、債権者が保証人を指定する場合、行為能力、弁済する資力の要件は適用されない、この規定は債権者を保護するものと考えられ、債権者自身が資力がないもの等を指定したときまでは適用する必要がないのだとみられる、450-3,,,,,,,,
催告の抗弁とはなんなのか？,債権者からの保証人への履行請求があったとき、まず債務者に催告すべき旨を請求すること,,,,,,,,
債務者が行方不明であり、債権者が履行の請求を行えない場合、保証人に対して履行の請求ができ、この場合催告の抗弁はできない,〇、主たる債務者が破産決定、又は行方が知れないときは催告の抗弁ができない、452,,,,,,,,
検索の抗弁とはなにか？,債務者に催告した後でも、債務者に弁済する資力があり、執行が容易なことを証明したとき、主たる債務者の財産に執行しなければならなくなること,,,,,,,,
催告、検索の抗弁以外に保証人が債権者に請求できるものはなに？,履行状況の情報提供の請求、458の2,,,,,,,,
↑債権者は債務の利息、違約金、損害賠償、額、について情報提供すれば足り、債務の従たる全ての履行状態を開示することを要しない,✕、債務に従たる全てのものについて不履行の有無、も情報提供義務がある、458の2,,,,,,,,
連帯保証とはなんなのか？,保証人が主たる債務者と連帯して債務を負担する契約,,,,,,,,
↑保証と連帯保証は何が違うのか,連帯保証人には催告の抗弁と検索の抗弁がない、分別の利益がない、454,,,,,,,,
↑分別の利益ない、とはどういうことか？,負担部分がなく、全額の負担を負う,,,,,,,,
催告の抗弁を行っても債権者が催告せず、それにより債務者から弁済を得られなくなったとき、保証人は債権全部について義務を免れる,✕、必ず全部を免れるわけではない、催告すれば弁済を得られてあろう限度において義務を免れる、455,,,,,,,,
↑検索の抗弁も同じか,同じ、執行が容易な証明をしたにも関わらず、債務者が執行を怠った場合、弁済を得られたであろう限度で保証人は義務を免れる、455,,,,,,,,
保証人が複数人ある場合、別段の意思表示がなければ等しい割合で権利を有し義務を負う,〇、456、427,,,,,,,,
主たる債務者に時効完成猶予、更新があった場合、保証人は当初の保証債務の範囲の期間まで義務を負う,✕、時効完成猶予、更新は保証人にも効力を生ずる、つまり保証債務も更新される、457,,,,,,,,
主たる債務者が債権者にできる抗弁は保証人も債権者に主張できるか,できる、457-2,,,,,,,,
主たる債務者が債権者に相殺権を有しするとき、保証人は相殺によって債務を免れる限度で履行を拒むことができるが、取消、解除権についてはこの限りでない,✕、相殺、取消、解除権を有するとき債務者が債務を免れる限度で保証人も履行を拒める、457-3,,,,,,,,
連帯保証人が複数あるとき、分別の利益がないため、その1人が一部を弁済したとしても債権者は債権全額の請求が可能,✕、連帯保証においても弁済は絶対効、弁済の限度で債務が消滅する、458,,,,,,,,
↑更改のときは？,同じ、連帯保証においても更改定は絶対効、458,,,,,,,,
債務者が弁済期限の利益がなんらかの事情で喪失したとき、保証人がなんら通知も受けていない場合であっても、遅延損害金等の負担は生じる,✕、458の3,,,,,,,,
↑期限の利益が喪失した場合、債権者には保証人に対する通知義務がある,〇、債権者が利益の喪失を知った時から2か月以内に通知しなければならない、458の3,,,,,,,,
↑債権者が通知を怠った場合、保証人は通知を受けるまでの損害遅延金について義務を負わない,〇、通知をしなかったときは通知を現にするまでに生じた遅延損害金を請求できない、458の3,,,,,,,,
↑保証人が法人のとき、債権者は通知しなかったとしても遅延損害金を請求できる,〇、通知義務、通知しなかったときの規定は保証人が法人のとき適用されない、458の3,,,,,,,,
保証人が代わって弁済等債務の消滅をしたとき、債務者に対し求償権を得るが、特約がない限り利息を請求することはできない,✕、債務の消滅をした日以降の法定利息、避けられなかった費用の請求ができる、459,,,,,,,,
保証人が代わって弁済等債務の消滅をしたとき、債務者に対し求償権を得るうえ、利息の請求も可能であるが、保証が債務者の委託を受けていなければ請求できない,〇、委託を受けた保証人は求償権がある、459,,,,,,,,
弁済期前に債務の消滅をした保証人は債務全部に対し求償権を得る,✕、債務者が消滅の当時利益を受けた限度で求償権を得る、459の2,,,,,,,,
↑この限度であれば、弁済期でなくとも求償権を行使できる,✕、求償権は主たる債務の弁済期以降でなければ行使できない、459の2-3,,,,,,,,
弁済期前に債務を消滅させた保証人の求償に対し、債務者は相殺できたことを主張し拒むことができる,〇、459の2,,,,,,,,
↑債務者が相殺できることを主張するとき、保証人は相殺で消滅すべきであった債務の履行を債権者に対して請求することが可能,〇、459の2,,,,,,,,
↑委託を受けない保証人は弁済期前に債務を消滅させると求償権を得ることができない,✕、委託を受けた保証人も受けてない保証人も弁済期前の債務の消滅により求償権を得る、462、459の2,,,,,,,,
弁済期前に債務を消滅した保証人の求償権は、消滅の日からの法定利息、避けられなかった費用を包含する,✕、消滅の日以降ではなく、弁済期以降の利息等を包含する、459の2-2,,,,,,,,
主たる債務の期限が延長された場合、その効力は保証債務に及ばない,✕、弁済期の延長は保証債務に及ぶ、期限の利益、明40.6.18,,,,,,,,
保証人が債務者を単独相続した場合でも保証債務は当然には消滅しない,✕、債権債務が同一人に帰属した場合消滅する、保証債務についても同様、520,,,,,,,,
連帯保証債務には債権者と保証人間で連帯保証契約が締結されるとともに、債務者と保証人間で連帯の特約がなされる必要がある,✕、債権者と保証人が連帯の特約をすることで成立、予備R3Q8,,,,,,,,
連帯債務では1人に生じた時効の完成猶予事由は他の連帯債務者に効力を生じないが、連帯保証では保証人に時効完成猶予事由が発生した場合、債務者にも効力が生じる,✕、連帯保証人に生じた事由は例外（更改、相殺、混同）を除き主たる債務者に影響を及ぼさない、458,,,,,,,,
保証人の事前求償権とは、主たる債務が弁済期を迎える前に事前に求償権を行使して、相当の担保を供与させることである,✕、弁済期の前に求償ができるという規定ではない、460,,,,,,,,
主たる債務が弁済期の到来を迎えた場合、保証人は債権者がまだ債務者に請求していない場合であっても事前求償権を行使できる,〇、債務者に請求があったかどうかは事前求償権行使の要件ではない、460,,,,,,,,
主たる債務が弁済期の到来を迎えた場合、保証人は事前求償権を行使し、求償を受けることができるが、これは委託のない保証の場合でも可能である,✕、事前求償権は、委託を受けて保証して場合に行使可能、460,,,,,,,,
主たる債務の弁済期到来前に特段の事情により、保証人が弁済すべき裁判の言渡しがあった場合、求償権は債務の履行後でなければ行使できない,✕、委託を受けた保証人が弁済すべき裁判の言渡しを受けたとき、事前求償権を行使できる、460-3,,,,,,,,
主たる債務者は供託、担保の提供、をすることで事前求償権の償還義務を免れることができる,〇、461,,,,,,,,
債務者の意思に反する保証では求償権を得ることができない,✕、意思に反する保証も、債権者と保証人の契約なので可能、かつ求償権も認められている、462-2,,,,,,,,
保証人が債務者に通知せず債務を消滅させたとき、債務者は債権者に対抗できた事由で保証人に対抗できる,〇、463,,,,,,,,
↑この対抗内容が、債権者と債務者の相殺であった場合、保証人は何ができるか,債権者に対し相殺によって消滅すべきであった債務の履行を請求することができる、463,,,,,,,,
保証人が債務の消滅をしたとき、すでに債務者が債務の消滅をしており、その通知を怠っていた場合、保証人は自己でが行った債務の消滅を有効とみなすことができ、債務者へ求償できる,〇、463-2,,,,,,,,
↑委託を受けていない保証であっても同様に有効とできる,✕、委託を受けた保証人は、通知を怠った債務者に対し自己の債務の消滅を有効とできます、463-2,,,,,,,,
↑通知を怠った債務の消滅の規定は、保証人が債務の消滅を怠った場合も同様か？,同じ、保証人が債務の消滅の通知を怠ったために債務者が債務を消滅させたときも、債務者は自己の債務の消滅を有効とみなすことができる、463-3,,,,,,,,
債務者の意思に反する保証、の保証人が債務の消滅をして通知した場合、債務者はその後に債務の消滅を行っても善意とは言えず自己の債務消滅行為を有効にはできない,✕、意思に反する保証、の場合通知を怠った保証人と同じ扱いができる、463-3,,,,,,,,
連帯債務者の保証人になった場合、他の連帯債務者への求償はできない,✕、負担部分のみ求償権を有する、464,,,,,,,,
保証人が複数ある場合、保証人の1人が自己の負担部分を超える額を弁済した場合、求償できるが、これは連帯債務の規定を準用しているためである,〇、共同保証人間の求償権は連帯債務の規定を準用する、465,,,,,,,,
,,,,,,,,,
,,,,,,,,,
ー,,,,,,,,,
ー,,,,,,,,,
債権譲渡,,,,,,,,,
債権の二重譲渡があったとき確定日付のある証書が同時に届いた場合、優劣はどうつけるのか？,先に履行の請求をしたほうが債権者として扱われる、昭55.1.11,,,,,,,,
地方議会議員の報酬請求権は債権譲渡できるか？,できる、昭53.2.23,,,,,,,,
将来発生が見込まれる債権を、まだ発生していない段階で債権譲渡の目的にできるか？,できる、466の6,,,,,,,,
↑このとき債権が現に発生したタイミングで当然に譲受人は取得することができる,〇、できる,,,,,,,,
債権の性質が譲渡を許さない場合を除き債権は譲渡できる、この規定は強行規定であり、譲渡を禁止する特約は無効である,✕、債権譲渡制限特約は可能、466-2,,,,,,,,
譲渡制限付き債権を譲渡した場合、債務者はどういう状況に置かれると考えられるか？,譲渡禁止の特約を結んだにもかかわらず、別の債権者から履行の請求を受ける可能性があり、それにより不利益を受ける可能性がある,,,債権二重譲渡,,,,,
譲渡制限付き債権を譲渡された債務者は新債権者（譲受者）から履行の請求があった場合、どのようなことを主張しどう対応できるか？,譲受者が譲渡制限があることに悪意又は重過失であることを主張し、債務の履行を拒む、466-3,,,,確定日付,,確定日付,,
債権者は譲渡制限につき悪意又は重過失であるとき、いかなる場合であっても債務者に対抗はできず、実質その取引を取消又は解除するほかない,△、譲受人は債権者へ履行の催告をし、期間内に履行がなければ債務者へ請求ができる、466-4,,,,有,＞,無,,
譲渡禁止特約付き金銭債権が譲渡された場合、供託することができ、この場合も譲受人の悪意、又は重過失を要件とする,✕、譲渡制限付き金銭債権の譲渡による供託は、譲受人がどのような状態であってもできる（過失要件がない）、466の2,,,,,,,,
譲渡制限付き金銭債権が譲渡され、債務者が供託した場合、供託について譲受人に通知する義務があるが、譲渡人に通知する義務はない,✕、譲渡人及び譲受人に供託の通知をしなければならない、466の2-2,,,,確定日付,,確定日付,,
譲渡制限付き債権の譲受者が制限があることに重過失以上の場合、債務者は履行を拒むことができるが、これは強制執行をした差押債権者であっても同様に履行を拒むことができる,✕、強制執行をした差押債権者に対しては適用しない、466の4,,,,有,＝,有,,
譲渡制限付き預貯金債権にが譲渡された場合、譲受者が制限について悪意又は重過失のとき債権譲渡自体が無効となる,〇、466の5,,,,到達,,到達,,
↑譲渡制限付き預貯金債権が強制執行されその差押債権者に対しては適用がないため対抗できない,〇、466の5-2,,,,先,＞,後,,
債権譲渡の対抗要件は？,債務者に通知、又は債務者の承諾、467,,,,,,,,
↑口頭でした譲渡は第三者対抗可能か,不可、確定日付のある証書でしなければ対抗できない、467-2,,,,確定日付,,確定日付,,
↑確定日付のある証書とは例えば何か？,内容証明郵便、公正証書など、467-2,,,,有,＝,有,,
債務者は対抗要件具備より前に取得した債権による相殺をもって債権の譲受人に対抗できる,〇、469,,,,到達,,到達,,
相殺できる債権が対抗要件具備より後に発生したとしても、具備より前の原因に基づいて生じた債権の場合は同様に相殺で対抗ができる,〇、469-2,,,,同,＝,同,,
対抗要件具備後、譲受者に対する債権を有する者から債権譲渡を受けた債務者は、譲渡を受けた債権が具備時より前の原因で生じたものであった場合、譲受者に対抗できる,✕、具備後に他人の債権を取得したときはこの限りでない、469-2但,,,,請求,,請求,,
債権二重譲渡の場合、確定日付の日付の先後で優劣が決まる,✕、確定日付があるかどうかで優劣はつくが、日付は関係ない,,,,先,＞,後,,
債権二重譲渡でどちらも確定日付がある場合、通知の到達の先後で優劣が決まる,〇,,,,,,,,
債権二重譲渡でどちらも確定日付があり、通知の到達の先後が不明な場合はどう優劣をつけるのか？,先に履行の請求をした方が債権者になる,,,,,,,,
,,,,,,,,,
ー,,,,,,,,,
ー,,,,,,,,,
債務引受,,,,,,,,,
債務引受では引受人に求償権が発生しない,✕、求償権の有無は引受の内容による,,,,,,,,
債務引受の種類と内容は？,①併存的、②免責的債務引受、①は連帯債務のようなもので、②は元の債務者の債務を免除して引受人が全て引き受けるようなもの,,,,,,,,
併存的債務引受は債権者と引受人で契約することができ、この場合債務者の承諾は不要,〇、470-2,,,,,,,,
併存的債務引受は債務者と引受人で契約することができ、この場合債権者の承諾は不要,✕、債権者が承諾したときに効力を生ずる、470-3,,,,,,,,
併存的債務引受は債権者と債務者で契約することができ、この場合引受人の承諾が必要,✕、このような規定は存在しない、債権者と債務者で成立させる契約ではない,,,,,,,,
債務者が債権者に対抗できる抗弁があるとき、引受人もその抗弁をもって対抗できる,〇、471,,,,,,,,
債務者が取消権、解除権を有するとき、これを行使した場合債務を免れるが、引受人は行使できないため取消できるとしても履行を拒めない,✕、取消権又は解除権を有するとき、権利行使によって債務者がその債務を免れる限度で履行を拒める、471-2,,,,,,,,
免責的債務引受は債権者と引受人で契約でき、債務者の承諾は不要だが通知が必要,〇、債権者が債務者に通知した時効力を生ずる、472-2,,,,,,,,
免責的債務引受は債務者と引受人で契約でき、債権者の承諾は不要だが通知が必要,✕、債権者が引受人に承諾が必要、472-3,,,,,,,,
免責的債務引受は債権者と債務者で契約でき、引受人の承諾が必要,✕、このような規定は存在しない、債権者と債務者で成立させる契約ではない,,,,,,,,
免責的債務引受は求償権を取得しない,〇、472の3,,,,,,,,
引受ける債務に担保権が設定されていた時、引受人が負担する債務に担保権を移すことができるがこれは併存的債務引受に限る,✕、免責的債務引受では債務者が免れる債務に設定された担保権を引受人の債務に移せる、472の4,,,,,,,,
免責的債務引受により担保の移転をする場合、その担保権が引受人以外の者が設定していた場合は移転ができない,✕、設定した者の承諾があればできる、472の4,,,,,,,,
移転できるのは担保権のみであり、元の債務に保証人があった場合は、免責的債務引受で保証債務が消滅する,✕、保証債務も担保権の移転を準用する、472の4-3,,,,,,,,
保証契約は書面によらなければ効力を生じないが、免責的債務引受による保証の移転は保証人の承諾で足りる,✕、この承諾を書面でしなければ効力を生じない、472の4-4,,,,,,,,
,,,,,,,,,
ー,,,,,,,,,
ー,,,,,,,,,
債務の消滅,,,,,,,,,
ー,,,,,,,,,
弁済,,,債務の性質上第三者弁済不可,,,,,,
債務者の意思に反して弁済ができるかどうかは弁済をする第三者のなにが問われるのか？,弁済をするについて正当な利益を有するか、474-2,,第三者弁済制限特約,,,,,,
正当な利益を有しない第三者が債務者の意思に反して弁済するにはどんな状況が必要か？,債務者の意思に反することを債権者が知らなかった、474-2,,,,,,,,
正当な利益を有しない第三者が債権者の意思に反して弁済するにはどんな状況が必要か？,第三者が債務者の委託を受けて弁済することを債権者が知っていた、474-3,,利益あり,,,,なし,,
↑このとき正当な利益があると何がよいのか？,債務者、債権者の意思に反して弁済をすることができ、債権者が知らなかった等の状況が不要であること,,,,原則,,,,
第三者弁済制限特約は正当な利益を有する者の第三者弁済を無効にする,〇、第三者弁済制限特約は、第三者弁済ができる規定を適用しなくなる、474-4,,,,債務者の意思反する＋債権者が知らなかった,,,,
弁済として他人の物を引渡した場合、すでに引渡している場合でも一度返還を受け取り戻してから、別の物を弁済に供することができる,✕、弁済として他人の物を引渡した時、更に有効な弁済をしなければその物を取り戻すことができない、475,,,,債権者の意思に反する＋債権者が債務者の委託で第三者が弁済するのを知っている,,,,
弁済として第三者の物を引渡した後、債権者が善意でその物を消費した場合、弁済は有効となり第三者は賠償請求ができない,✕、弁済は有効になるが、第三者の賠償請求は禁止されていない、476,,債務者の意思に反する,,,,,,
弁済として第三者の物を引渡した後、債権者が善意でその物を譲渡し、第三者から賠償請求を受けた場合、当然に弁済した者へ求償することができる,〇、第三者から賠償の請求を受けたときは弁済した者に対して求償することを妨げない、476,,債権者の意思に反する,,,,,,
保証人、連帯保証人、連帯債務者は弁済をするのに正当な利益を有する第三者といえ、後順位抵当権者は反射的利益に過ぎず正当な利益がない,✕、後順位抵当権者も正当な利益がある,,,,,,,,
弁済した第三者は、債権の担保権を求償権の範囲で行使できるが、抵当権については行使できない,✕、抵当権についても行使できます,,,,代位,,,,
弁済した保証人は、債権、担保権、抵当権等を行使するには債権譲渡の対抗要件を具備する必要がある,✕、正当な利益を有する場合、債権譲渡の対抗要件なしで各権利を得る,,債権譲渡の対抗要件が不要,,,,債権譲渡の対抗要件が必要,,
保証人は保証債務として別途契約を発生している以上、第三者弁済制限特約があっても弁済できると考えられる,✕、保証人他正当な利益を有していても、第三者弁済制限特約により弁済できない、474-4,,,,,,,,
債権者の口座へ払込みでする弁済は、債務者が払込んだ時点で弁済の効力が生じる,✕、払込み時ではなく払戻し請求権を債権者が取得したとき、効力を生ずる、477,,,,,,,,
正当な利益を有しない者がした第三者弁済は、弁済した者が代位するには債権譲渡の対抗要件が必要,〇,,,,,,,,
↑この債権譲渡の対抗要件とは何か,債務者への通知、又は債務者の承諾,,,,,,,,
受領権者以外にした弁済が有効となる場合はどんな状況か？記述,取引上の社会通念に照らし、受領権者としての外観を有する者に善意無過失で弁済したとき、478,,,,,,,,
↑例えばどんな者なのか,印鑑、預金通帳を所持する者、債権者の代理人と称した者など,,,,,,,,
受領権者以外の者であり、受領権者の外観を有する者に弁済したとき、債務者がそのことを知っていた場合、その弁済で債権者が結果的に利益を得たとしても弁済は効力を生じない,✕、478条の規定には善意無過失でないので足りないが、479条により、受領権者以外の者にした弁済は債権者が利益を受けた限度で効力を有する、479,,,,,,,,
債務者が有する債権を差し押さえた債権者は、その第三債務者がその債権について債務者へ弁済した時、受けた損害の限度で第三債務者へ更に弁済すべき旨請求できる,〇、481,,,,,,,,
↑この場合、第三債務者は債務者へ弁済したにも関わらず請求を受けることになるが、どう補填するのか？,債務者へ求償する、481-2、差押債権の弁済は債権者へすべきところ債務者へしてしまっているので、債権者からの請求を受けてもやむ負えないとは言え、債務者へ弁済した分を返してもらい債権者へ弁済すれば問題ないため,,,,,,,,
金銭債務の弁済として物を供した場合、代物弁済契約の意思表示をした段階で当事者間で債務が存在しなくなるので、特段の事情がなければ対抗要件の具備は債権者で行う,✕、債務の消滅の効果は第三者対抗要件を具備したときに生じる、昭57.6.4,,,,,,,,
代物弁済契約では原則、物の所有権が移転すれば成立し、その後の対抗要件具備ができなかったとしても債権者は対抗要件の具備を請求できない,✕、債務の消滅の効果は第三者対抗要件を具備したときに生じる、具備するまでは債権が消滅していないので請求できる、昭57.6.4,,,,,,,,
利息、費用、元本を支払う時、債務の全部を消滅するのに足りない給付をしたとき、費用、利息、元本の順で充当するが、当事者の合意があれば別の順序で充当できる,〇、原則費用、利息、元本の順で充当する、弁済する者と受領する者に合意があれば別の順序で充当もできる、489,,,,,,,,
債務の全部を消滅するのに足りない給付をしたとき、費用利息元本の順で充当するが、それが数個の債務の弁済としてされた場合はこの限りでない,✕、一個又は数個の債務について順次、費用利息元本に充当しなければならない、489,,,,,,,,
債権者が契約の無効を主張し、受領拒絶の意思を明確に示している場合、現実の提供は不要だが口頭で提供したときから不履行責任を負わない,✕、受領拒絶の意思を明確にしている場合は口頭の提供も不要、昭32.6.5,,提供,,,,,,
債務者が予め受領を拒んだ場合は口頭の提供で足りるが、債務の履行に債権者の行為が必要だからといって口頭の提供で足りるわけではない,✕、予め受領を拒んだ場合、債務の履行に債権者の行為要する場合、口頭の提供で足りる、493,,受領拒絶の意思を明確に示している,予め受領を拒んだ,受取らなかった,受領した,,,
あらかじめ受領を拒んだ債権は、口頭の提供により消滅する,✕、消滅するわけではなく、不履行責任を負わなくなる、492,,,,,,,,
↑ではどうすれば消滅するか,供託をして消滅させることができる、494,,,,現実,供託,,,
ー,,,,口頭,,,,,
供託,,,しなくていい,,,,,,
供託は基本的に受領できないなどの状況がなくても、当事者の任意で自由に供託できる,✕、供託できる場合が規定されている、494,,,,,,,,
受領を拒まれたときは供託ができるほか、受領ができない場合にも供託はできる,〇、受領を拒んだとき、受賞することができないとき、供託できる、494,,,,,,,,
債権者を確知できない場合も供託することができるが、弁済者に過失があるとき供託できない,〇、債権者を確知できないとき供託できる、弁済者に過失があるときこの限りでない、494-2,,,,,,,,
債務を消滅させる供託をするのに口頭の提供は必要だが、供託した後の通知までは不要,✕、供託した場合、債権者に供託の通知をしなければならない、495-3,,,,,,,,
供託した供託物は取り戻せる余地はない,✕、取り戻せる場合がある、496,,,,,,,,
供託によって債権が消滅した場合、付着していた担保権も当然に消滅する,〇,,,,,,,,
質権、抵当権の設定されていた債務は供託によっては質権、抵当権そのものは消滅しない,✕、供託し債務が消滅した場合、担保権も消滅し、質権、抵当権であっても消滅する,,,,,,,,
供託し、担保権も含め消滅した後、債権者が供託を受諾しない場合、債務者は供託所から供託物を取り戻すことができる,〇、496,,,,,,,,
↑この場合消滅した債務、担保権はそれぞれどうなるか？,供託をしなかったとみなし、債務が復活、担保権も復活する、496,,,,,,,,
質権の付着した債務を供託によって消滅した後、債権者が受諾しなかった場合、債務者は供託物を取り戻し供託しなかったことにできる,✕、供託物の取り戻しの規定は質権には適用されない、496-2,,,,,,,,
供託した、質権の付着する債務は取り戻しができない為、確定的に消滅したことになる,〇,,,,,,,,
抵当権の付着した供託により消滅した債務は、供託物の取り戻しにより抵当権を復活させることが可能,✕、供託物の取り戻しの規定は抵当権には適用されない、496-2,,,,,,,,
供託した、抵当権の付着する債務は取り戻しができない為、確定的に消滅したことになる,〇,,,,,,,,
目的物が供託に適しない場合、価格低落のおそれがある場合のほか、保存に過分の費用がかかる場合は、競売に付し代金を供託することができる,〇、供託に適しない、価格低落のおそれ、保存に過分の費用、困難な事情、がある場合目的物を競売に付し、代金を供託できる、497,,,,,,,,
ー,,,,,,,,,
代位,,,,,,,,,
債権者のために弁済した別の者がある場合、弁済者が当然に債権者に代位するわけではない,✕、代位すると規定されている、債権者のために弁済したものは債権者に代位する、499,,,,,,,,
第三取得者は保証人、物上保証人に対し、債権者に代位しない,〇、501-3,,,,,,,,
物上保証人が弁済した場合、他の物上保証人に対し、債権者の権利を代位行使できる,〇、501-3,,,,,,,,
正当な利益を有する者は第三者弁済により債権譲渡の対抗要件なしで債権者に代位できる,〇、500,,,,,,,,
債権に対する第三者弁済はその全部を弁済しなければ権利行使の対象にならない,✕、一部弁済でも行使できる余地はある、502-1,,,,,,,,
一部弁済した第三者が利益を有するときはその限度で単独で債務者に対し権利行使ができる,✕、債権者の同意が必要、502-1,,,,,,,,
第三者から一部弁済を受けた債権者は、一部弁済の効力により以降単独で権利行使する状態ではなくなるため、弁済した者の同意が得られない場合権利行使できなくなる,✕、債権者は第三者から一部弁済があったとしても単独で権利行使できる、502-2,,,,,,,,
一部弁済の代位者が債務の権利につき代位行使するとき、債権者の権利行使と相反した時はどちらが優先か？,債権者が優先、債権者が行使する権利は代位者が行使する権利に優先する、502-3,,,,,,,,
一部弁済の代位者はその弁済した債務の一部について権利行使でき、債務不履行があった場合の解除権も同様に行使が可能である,✕、解除は債権者のみがする、一部の代位弁済があったとき代位者は債権者の同意を得て権利を代位行使するが解除は債権者のみがする、502-4,,,,,,,,
↑この規定で解除された場合、弁済した部分はどうなるのか？,債権者は代位者に弁済した価額及び利息を償還しなければならない、502-4,,,,,,,,
債務の全部を代位弁済した弁済者は証書及び担保物を取得できるが、一部弁済した者は取得できない,〇、503,,,,,,,,
一部の代位弁済があった場合、その代位を証書に記入する義務があるが、担保物には特段の義務は設けられていない,✕、代位を証書に記入、占有する担保物の保存を代位者に監督させなければならない、503-2,,,,,,,,
債権者が故意過失により担保を喪失減少させたとき、代位権者は償還を受けられなくなる限度で責任を免れるが、喪失減少が取引上の社会通念に照らし合理的な理由がある場合は適用されない,〇、504,,,,,,,,
ー,,,,,,,,,
相殺,,,,,,,,,
相殺禁止特約は有効だが、第三者には対抗できない,✕、一定の要件で対抗が可能、505-2,,,,,,,,
↑相殺禁止特約が第三者対抗できるのはどんな場合か？,第三者が特約を知り、又は知らないことに重過失、505-2,,,,,,,,
自働債権に同時履行の抗弁が付着している場合、相殺とどちらが優先するか？,同時履行の抗弁権が付着している場合、相殺はゆるされない、昭13.3.1,,,,,,,,
債務の性質が相殺を許さない場合は相殺ができないことはもちろん、差押が禁止されている場合でも相殺はできない,〇、債務の性質が許さない場合相殺できない、505、差押禁止債権も相殺できない、510,,,,,,,,
条件付き相殺や期限付き相殺契約は可能である,✕、相殺の意思表示には条件又は期限を付すことができない、506,,,,,,,,
相殺適状になったからといって、債権が別の原因で消滅した場合相殺はもうできないとされるため、相殺が可能な時期に行われた相殺は相殺適状の時に遡って効力が生じるわけではない,✕、相殺に適するようになった時に遡って効力を生ずる、506-2,,,,,,,,
債務の履行地の異なる債権は、相手方に損害が生じる場合できない,✕、履行地が異なるときでもすることができる、生じた損害を賠償しなければならない、507,,,,,,,,
不法行為による賠償請求権が相殺を禁止されるパターンは？,①悪意による不法行為の損害賠償、②生命身体の侵害による損害賠償、509,,不法行為相殺,,,,,,
自動債権とは何か？,相殺の意思表示をした側が有している債権のこと,,,,,,,,
受動債権とは何か？,相殺の意思表示の相手方が表意者に有している債権のこと,,,,過失,悪意,,,
弁済期が到来していない場合、相殺ができないのは自動債権、受働債権どっち？,自動債権,,債務者側から,損害賠償請求権,可,不可,,,
↑なぜ相殺ができないのか？,自動債権が弁済期にないということは、相手方は弁済期までまだ期限の利益があり、相殺できない,,,生命身体の損害賠償請求権,不可,不可,,,
相殺適状にある債権が第三者により差し押さえられた場合、差押前に相殺適状になっていたことをもって差押権者に対抗できる,〇、差押日と自動債権の取得日の早い方が優先する、差押前に相殺適状にあったということは差押日より前に自動債権を取得しているので相殺で対抗できる、511,,債権者側から,損害賠償請求権,可,可,,,
相殺が差押に対抗できる、というのは差押られたとしてもその後の相殺の意思表示で相殺が有効になる、ということである,〇,,,生命身体の損害賠償請求権,可,可,,,
相殺禁止特約付き債権の譲受者が、特約を知っていた場合は、債務者は譲受者に対し相殺できる,〇、相殺禁止特約付き債権の譲受者が、特約に悪意又は重過失のとき債務者は特約を譲受人に対抗できる、505-2,,譲渡後,損害賠償請求権,可,可,,,
相殺できる状態にある債権が譲渡され、他の債権と相殺された場合、元の相殺できる状態であった譲渡されていない債権を持って相殺を主張することは可能か？,できない、一旦相殺適状になっても、相殺の意思表示がされる前に、弁済更改相殺等で一方の債務が消滅していた場合は相殺できない、昭54.7.10,,,生命身体の損害賠償請求権,可,可,,,
相殺は弁済と同様に順次、費用利息元本に充当する,〇、512-2,,,,,,,,
ー,,,,,,,,,
更改,,,,,,,,,
債権者の交替による更改は、確定日付のある証書で行わなければ第三者に対抗できないが、債務者の交替による更改は証書がなくても対抗できる,〇、債権者の交替による更改は、確定日付のある証書が無ければ第三者に対抗できない、債務者の交替についてこの規定はない、514、515,,,,,,,,
債権者又は債務者の交替による更改があったとき、その債務の担保として設定されていた質権、抵当権は更改後の債務に移転できるが、担保の設定が第三者によるものであったとしてもその承諾を要せず移転する,✕、債務者又は債権者の交替による更改後の債務への担保の移転は、第三者が設定した担保の場合、その承諾を得なければならない、518,,,,,,,,
更改後の債務への質権、抵当権の移転の意思表示は、質権、抵当権の設定者へすれば足り、必ずしも更改の相手方にすることを要しない,✕、質権、抵当権の移転は、あらかじめ又は同時に更改の相手方に対してする意思表示によってしなければならない、518-2,,,,,,,,
ー,,,,,,,,,
免除,,,,,,,,,
債務の免除は債権を消滅させるが、債権者から債務者へ免除の意思表示をすれば足りる,〇、債務を免除する意思表示をしたとき、債権は消滅する、519,,,,,,,,
ー,,,,,,,,,
混同,,,,,,,,,
相続により債権者と債務者の地位が同一人に帰属した場合、その債務が第三者の権利の目的であっても、原則債権は消滅する,✕、債務、債権が同一人に帰属した場合消滅する、但し第三者の権利の目的であるときこの限りでない、520,,,,,,,,
,,,,,,,,,
ー,,,,,,,,,
ー,,,,,,,,,
有価証券,,,,,,,,,
指図証券の譲渡は証券に裏書をしなければ効力を生じないが、その裏書の連続によって権利を証明するときはその所持人が証券上の権利を適法に有すると推定される,〇、520の2、520の4,,,,,,,,
記名式所持人払証券の譲渡は裏書がなければ効力を生じないが、所持していさえいれば所持人は証券上の権利を適法に有すると推定される,✕、記名式所持人払証券の譲渡は証券を交付すれば効力を生じる、所持人は証券上の権利を適法に有すると推定される、520の13、520の14,,,,,,,,
,,,,,,,,,
ー,,,,,,,,,
ー,,,,,,,,,
契約,,,,,,,,,
契約は申込みと承諾で成立し、必ずしも書面その他方式を必要としない,〇、522,,,,,,,,
承諾の期間を定めて申込みした場合、その申込みは撤回することができないが、撤回権を留保していた場合は撤回できる,〇、承諾の期間を定めた申込みは撤回できない、撤回権を留保したときはこの限りでない、523,,,,,,,,
承諾の期間を定めて申込みした場合、期間内に承諾の通知がなければ申込みは効力を失うが、期間後に承諾の通知を受けた場合新たな申込みとみなすことはできる,〇、期間内に承諾の通知を受けなかった時申込みは効力を失う、遅延した承諾を新たな申込みとみなすことができる、523、524,,,,,,,,
承諾の期間の定めがない申込みにおいては、撤回権を留保したかに関わらず、いつでも申込みの撤回ができる,✕、撤回権を留保した場合はいつでも撤回できる、525,,,,,,,,
承諾の期間の定めがない申込みで撤回権の留保がない場合、いつ撤回できるか？,承諾の通知を受けるのに相当な期間を経過すれば撤回できる、525,,,,,,,,
対話者に対して申込みした場合、対話の継続中いつでも撤回できるが、撤回権の留保をしていない場合は撤回ができない,✕、対話中の撤回はいつでもできる、撤回権の留保が必要とする規定はない、525-2,,,,,,,,
対話中に承諾の通知を受けなかったとき、申込みは当然に効力を失う,〇、525-3,,,,,,,,
対話中に対話の終了後も申込みが効力を失わない旨を表示したとしても、承諾の期間を定めなかった場合、申込みは効力を失う,✕、対話の終了後も申込みが効力を失わない旨表示をしたとき申込みは効力を失わない、この時承諾の期間を定めなければならないとする規定はない、525-3,,,,,,,,
申込者が申込みの通知を発した後に死亡した場合、相手方がそれを知らず発した承諾は有効であるが、申込通知後に制限行為能力者になった場合は以降の承諾は無効である,✕、申込者が申込みの通知を発した後、死亡、制限行為能力者になった場合、それを知らない相手方の承諾の通知は有効で申込みも有効、526,,,,,,,,
申込者が申込みの通知を発した後に死亡した場合、相手方がそのことを知ってした承諾は申込みが効力を生じないので同じく無効となる,〇、526,,,,,,,,
申込者が申込みの通知を発した後に死亡した場合で、あらかじめ死亡した場合、申込みが効力を有しない旨表示していたとしても、相手方が死亡を知らずに承諾を発したときは有効となる,✕、申込者が死亡等の事実が生じたとすれば申込みが効力を生じない旨意思表示していたとき、申込みは効力を生じない、承諾者の不知はこの意思表示がなかったときに効力を生じるかどうかの規定である、526,,,,,,,,
有効に契約が成立した後、制限行為能力者となった場合、契約が無効となる余地はない,〇、制限行為能力を理由に無効を主張できるのは申込みの段階まで、526,,,,,,,,
申込者が申込みのとき、成立に承諾の通知を要しない旨意思表示をした場合、その申込みがあった段階で契約は成立する,✕、承諾の意思表示と認めるべき事実があった時に成立する、必ずしも申込みがあった時に成立するとは限らない、527,,,,,,,,
複数にわたって取引を行ってきた相手方へ行う申込みは、それまでの取引で承諾の通知を不要としていた場合、承諾の意思表示と認めるべき事実があれば承諾の通知が無くても成立する,〇、取引上の慣習により承諾の通知を必要としない場合、承諾の意思表示と認めるべき事実があった時に成立する、527,,,,,,,,
申込みの通知後、相手方がその申込みに条件を付した場合、その申込みは承諾されたとみなされる,✕、承諾者が申込みに条件を付した場合、その申込みを拒絶し新たな申込みをしたとみなされる、528,,,,,,,,
申込みの通知後、相手方が申込みの内容を変更して承諾した場合、その承諾によって契約が成立する,✕、承諾者が申込みに変更を加えて承諾した場合、申込みを拒絶し新たな申込みをしたとみなされる、つまり成立するわけではない、528,,,,,,,,
ー,,,,,,,,,
契約の効力,,,,,,,,,
当事者双方の帰責事由なく、債務が履行不能になった場合、原則債権者は反対給付を拒むことができる,〇、536,,,,,,,,
債権者に帰責事由がある履行不能の場合、債権者は反対給付の履行を拒むことができないが、債務者は自己の債務を履行しなくてよいことで利益を得た場合、債権者に償還が必要,〇、債権者に帰責事由がある履行不能では債権者は反対給付の履行を拒めめない、債務者は自己の債務を免れたことで利益を得た時、債権者に償還しなければならない、536-2,,,,,,,,
契約により第三者に対し給付することを約した場合、第三者は債務者に直接請求することはできないが、債権者を代位して請求できる,✕、第三者は債務者に直接給付を請求する権利を有する、537,,,,,,,,
第三者給付契約の第三者は債務者へ直接給付請求できるが、契約成立の時第三者が現に存していることが必要で、存していない又は特定していない場合は、特定後の第三者は債務者へ請求できない,✕、このような規定は存在しない、成立時に第三者が存しない、特定していない場合でも第三者給付契約は効力を妨げられない、537-2,,,,,,,,
第三者給付契約の第三者の権利は、その第三者が特定したときに発生する,✕、537-3,,,,,,,,
↑ではどのタイミングか？,第三者が債務者に対し、利益を享受する意思表示した時に、第三者の権利が発生する、537-3,,,,,,,,
第三者給付契約の第三者の権利発生後は、権利の変更、又は消滅をさせることができなくなるが、債務者が履行しない場合の解除は債権者から行うことができる,△、第三者の権利発生後に、債務者が履行しない場合、債権者が解除するには第三者の承諾を得なければならない、538-2,,,,,,,,
第三者給付契約において、債務者が同時履行の抗弁を主張するとき、債権者のみでなく第三者に対しても主張できる,〇、債務者は第三者給付契約の抗弁をもって利益を受ける第三者に対抗できる、539,,,,,,,,
ー,,,,,,,,,
契約上の地位の移転,,,,,,,,,
契約上の地位を第三者へ譲渡する場合、相手方に対し権利移転の通知が必要で、このとき相手方の承諾を要しない,✕、契約上の地位は相手方が譲渡を承諾したときは第三者に移転する、539の2,,,,,,,,
ー,,,,,,,,,
解除,,,,,,,,,
解除の意思表示は原則撤回できる,✕、解除は撤回できない、540-2,,,,,,,,
債務が弁済期を迎えても履行がない場合、履行遅滞を生じ、債権者は直ちに解除権を取得する,✕、解除権は催告後、期間内に履行がない場合に発生する、541,,,,,,,,
債務の履行がない場合でも一定の場合、相手方は解除ができないがどんな時か？,債務不履行が契約及び取引上の社会通念に照らし軽微であるとき、541,,,,,,,,
売買契約の買主が売買代金の一部を支払ったが残りを滞納している場合、代金の残額が軽微であるとき売主は解除ができない,〇、債務不履行が軽微な場合解除ができない、541,,,,,,,,
↑この場合売主はどうすべきなのか？,代金は請求しつづけ、別途損害賠償請求を行うべき、541,,,,,,,,
相手方が債務不履行のため、解除したい場合、どうすれば解除権が発生するか説明せよ,①催告、②相当な期間の経過、③期間内に履行がない、とき解除できる、541,,,,,,,,
債務不履行により履行の催告を行ったが、その期間が短すぎると評価できる場合、催告は無効となる,✕、短い期間の催告も有効ですが、客観的に相当な期間を経過すれば解除できるようになる,,,,,,,,
期間を定めずにした催告は客観的に相当な期間を経過したとしても解除権を発生させない,✕、催告に期間の定めがなくても、客観的に相当な期間が経過すれば解除できる,,,,,,,,
債務不履行の債務者が同時履行の抗弁で履行を拒んでいる場合、解除することができない,〇,,,,,,,,
同時履行の抗弁により双方の履行が行われていない場合、当事者の一方が履行の提供を行った後、催告した場合解除権は発生しうる,〇、同時履行の抗弁が主張できる間は解除できないが、履行の提供後であれば可能,,,,,,,,
債務不履行により催告を受け、期間内に履行しなかった債務者は、反対給付の履行がないことを理由として解除を拒むことができない,✕、反対給付がないことを理由とする、つまり同時履行の抗弁の主張ができる場合解除はできない,,,,,,,,
建物売買契約後、双方の帰責事由によらず建物が滅失した場合、債務者は直ちに解除できる,〇、542-1,,,,,,,,
建物売買契約後、売主が建物の引渡しを明確に拒んだ場合、引渡しを催告をすれば解除することができる,✕、催告せず直ちに解除できる、542-2,,,,,,,,
債務の一部だけが履行不能になったときでも直ちに解除権が発生することがあるがどんな場合か？,残存する部分のみでは契約の目的を達することができないとき、542-3,,,,,,,,
売買契約がその全部をもって契約の目的を達することができる場合、その一部が履行不能になったとき、債権者は直ちに解除できる,〇、542-1-3,,,,,,,,
12月25日に引渡しを約していた物の履行が無かった場合、その日に履行がなければ契約の目的を達することができない物であったときは直ちに解除できる,〇、542-1-4,,,,,,,,
一定の期間内に履行しなければ契約の目的を達することができない場合、履行をせずその時期を経過したときは直ちに解除でき、催告を要しない,〇、542-1-5,,,,,,,,
契約の一部が履行不能であったとしても、その全部について不履行を生じていなければ解除できない,✕、履行不能の一部について直ちに解除できる、542-2,,,,,,,,
契約の一部が履行不能又は履行拒絶であったとき、その全部について解除できるのはどのような場合か？,一部の履行が不能なとき、残存する部分で目的を達することができないとき,,,,,,,,
↑目的を達することができる場合はその一部についても解除ができないのか？,履行不能になっている一部については直ちに解除できる、542-2,,,,,,,,
債務の一部の履行を拒絶する意思を明確に表示したとき、債権者は催告することでをの一部を解除することができる,✕、一部の履行を拒絶する意思表示を明確にしている場合は、催告なしで直ちに解除できる、542-2,,,,,,,,
債務の一部が履行不能を生じたとき、それが債権者の帰責事由による場合は解除ができないが、その他の部分について生じた履行不能は一部解除ができる,〇、債権者の帰責事由による履行不能部分は解除ができない、543,,,,,,,,
契約の目的を達するのに足りる履行が催告をしたとしても見込めない場合、直ちに解除できる,〇,,,,,,,,
建物売買契約の買主が解除前に第三者へ譲渡した場合、解除できない,✕、第三者譲渡があったとしても解除自体はできる,,,,,,,,
建物売買契約の買主が解除前に第三者へ譲渡した場合、第三者は登記を有していれば悪意であったとしても建物を返還しなくてよい,〇、解除前の第三者は登記を備えていれば保護される、悪意、過失があっても保護される,,,,,,,,
解除前の第三者とはどういう者をいうのか？,契約の解除がされる前に目的物の譲渡を受けた者など,,,,,,,,
債務者が解除前の第三者に対抗するための要件は登記である,✕、解除前の第三者に対抗するには、第三者が登記を備えていなければ足りる,,,,,,,,
↑目的物が動産である場合、登記がないがどうなるか？,第三者が引渡しを受けていなければ、債務者は対抗できる,,,,,,,,
解除後の第三者とはどういう者をいうのか？,解除がされた後に目的物の譲渡を受けた者など,,,,,,,,
解除後の第三者と債務者の優劣はどうつけるか,登記の先後で決まる,,,,,,,,
当事者の一方が複数ある場合で解除権が発生したとき、そのうちの1人が解除の意思表示をすれば足りる,✕、解除は全員でする必要がある、544,,,,,,,,
解除の意思表示は当事者の一方が複数ある場合、その全員から又はその全員に対してしなければ無効である,〇、解除権の不可分性により、当事者全員であることが必要、544,,,,,,,,
当事者が複数ある場合、そのうち1人の帰責事由により履行不能を生じた場合、解除権は全員に対し消滅する,〇、解除権の不可分性により、1人に生じた解除権の消滅は全員の解除権を消滅させる、544-2,,,,,,,,
ー,,,,,,,,,
解除の効果,,,,,,,,,
解除による現状回復義務には利息を付すことはできない,✕、利息が付される場合がある、545-2,,,,,,,,
解除により金銭を返還する必要がある場合、その解除の意思表示の時から利息が付される,✕、金銭の受領の時から利息を付さなければならない、545-2,,,,,,,,
解除により、金銭以外の物を現状回復するとき、解除以前に発生していた果実は返還義務がない,✕、受領の時以降に生じた果実は返還しなければならない、545-3,,,,,,,,
解除により、金銭債務の現状回復を利息付きで受けた場合、損害賠償請求はできない,✕、解除権の行使は損害賠償請求を妨げない、545-4,,,,,,,,
解除により、金銭以外の物を現状回復した場合、受領以降に生じた果実の返還がない場合のみ損害賠償できうる,✕、このような規定はない、解除権の行使は損害賠償請求を妨げない、545-4,,,,,,,,
現状回復による相手方が返還を拒んでいる場合、反対給付として受けた物の返還を拒むことができるが、これは同時履行の抗弁である,〇、解除による現状回復は同時履行の抗弁を準用する、546,,,,,,,,
解除権は相手方からの催告で消滅することがある,〇、547,,,,,,,,
↑どのような場合に消滅するのか,解除権に期間の定めがないとき、相当の期間を定め解除するかどうか催告し、解除の通知がないとき解除権が消滅する、547,,,,,,,,
履行不能により解除権が発生した後、債権者が目的物を著しく損傷したときは解除権が消滅する,〇、解除権者が目的物を著しく損傷させたとき解除権を消滅する、548,,,,,,,,
目的物を加工変造し他の種類の物に変えた債権者は、その加工後に反対給付が履行不能であったことを知った場合でも、加工時点で解除権は消滅する,✕、目的物を他の種類の物に変えた場合解除権は消滅する、ただし解除権を有することを知らなかったときはこの限りでない、548,,,,,,,,
,,,,,,,,,
ー,,,,,,,,,
定型約款,,,,,,,,,
定型約款を契約の内容とする旨の合意をした場合、定型約款の個別の条項についても合意したとみなされる,〇、548の2,,,,,,,,
合意した定型約款の条項に取引上の社会通念に照らし信義則に反して一方的に利益を害すると認められるものがある場合でも、契約の合意により個別の条項として合意したことになる,✕、権利を制限、義務を加重するもので信義則に反する一方的に利益を害すると認められるものについては合意しなかったとみなされる、548の2-2,,,,,,,,
定型約款準備者は相手方から請求があった場合、内容を示す必要があるが、既に書面を交付又は電磁的記録を提供していた場合は示さなくてよい,〇、548の3,,,,,,,,
定型約款準備者が相手方からの内容を示す請求を拒んだ場合、それが一時的な通信障害その他正当な事由で発生したときは、合意後であっても定型約款合意の規定は適用されない,✕、定型約款準備者が合意前に請求を拒んだとき、定型約款合意の規定は適用しない、ただし一時的な通信障害その他正当な事由がある場合この限りでない、548の3-2,,,,,,,,
定型約款準備者は相手方の一般の利益に適合する場合であれば、合意することなく定型約款を変更することができ、周知等を必要としない,✕、相手方の一般の利益に適合するなら合意は不要だが周知は必要、548の4,,,,,,,,
合意のない定型約款変更が行う場合、効力発生時期を定めそれまでに周知が必要であり、この周知はインターネットその他適切な方法で行うよう規定されている,〇、効力発生時期を定め、かつ、変更する旨、内容、時期をインターネットの利用その他の適切な方法により周知しなければならない、548の4,,,,,,,,
利益に適合しなかったとしても、必要性、相当性、変更することがある旨の定めがある、合理性などから定型約款の変更ができる場合がある,〇、548の3,,,,,,,,
↑効力発生時期までに周知をなさなかった定型約款変更は効力を生じない,〇、548の3,,,,,,,,
,,,,,,,,,
ー,,,,,,,,,
贈与,,,,,,,,,
贈与は書面によらない場合でも成立する,〇、意思表示と受諾で成立、549,,,,,,,,
書面によらない贈与はいつまで解除が可能か？,いつでも解除できる、550,,,,,,,,
贈与がその解除ができなくなるのはどのような場合か？,履行が終わった部分は解除できない、550,,,,,,,,
贈与の解除は履行する者だけではなく、履行を受ける当時者もすることができる,〇、各当事者が解除できる、550,,,,,,,,
贈与契約の種類は？,片務契約、無償契約、諾成契約,,,,,,,,
書面による贈与の書面形式は法定の規定に従い作成を行う,✕、そのような規定はない,,,,,,,,
↑ではなんなのか,贈与されたことが分かる程度の記載で足りる、昭60.11.29,,,,,,,,
贈与契約は片務契約なので同時履行の抗弁は発生しない,〇,,,,,,,,
負担付き贈与契約は片務契約なので同時履行の抗弁は発生しない,✕、負担付き贈与は双務契約に近くなるので同時履行の抗弁が発生する、553,,,,,,,,
贈与の目的物が動産の場合、占有改定による引渡しが行われた場合は、他の引渡しが発生するまで解除ができる,✕、占有改定も、履行が終わった、に含まれる,,,,,,,,
履行が終わった、とは動産においてどのような状態か？,引渡しが済んでいる状態,,,,,,,,
履行が終わった、とは不動産においてどのような状態か？,引渡し、又は登記が済んでいる状態,,,,,,,,
定期贈与とは何か？,定期の給付を目的とする贈与、552,,,,,,,,
定期贈与契約中に贈与者が死亡した場合、原則契約の満期まで効力は生じる,✕、贈与者の死亡で効力を失う、552,,,,,,,,
定期贈与契約中に受贈者が死亡した場合、その承継人に贈与契約の効果は帰属する,✕、受贈者の死亡で効力を失う、552,,,,,,,,
死因贈与は遺贈と異なり、死亡までの間に撤回することはできない,✕、遺贈を準用している、死亡までいつでも撤回できる,,,,,,,,
,,,,,,,,,
ー,,,,,,,,,
売買,,,,,,,,,
ー,,,,,,,,,
買主が手付を交付した場合、手付解約ができるのはいつまでか,契約の履行に着手するまでの間、557但し,,,,,,,,
買主が手付を交付した場合、売主は買主が履行に着手するまでの間、交付された手付と同額を現実に提供することで契約の解除ができる,✕、手付の倍額を現実に提供が必要、557,,,,,,,,
買主が手付解約するための条件は？どんな時にはできない？,手付を放棄することで解除できる、売主が履行に着手している場合はできない、557,,,,,,,,
履行に着手する前に適法に手付解除した場合、相手方がそれにより損害を受けた場合賠償請求は妨げられない,✕、手付解約の場合損害賠償請求できない。557-2の規定により、損害賠償請求を妨げない規定が適用されない,,,,,,,,
売買契約に発生した費用は原則双方が履行に必要な割合で負担する,✕、原則双方等しい割合で負担する、558,,,,,,,,
売主は買主に登記を備えさせる義務を負うが、登記ではなく登録のような制度はこの限りでない,✕、売主は登記、登録その他権利移転の対抗要件を備えさせる義務を負う、560,,,,,,,,
履行の追完を請求するには、目的物が種類、品質又は数量に関し契約の内容に適合しないことが必要,〇、562,,,,,,,,
履行の追完を請求された売主は買主が請求した方法が売主に不相当な負担を課する場合、別な方法で追完することもできる,✕、「買主」に不相当な負担を課するものでないときは異なる方法でできる、562,,,,,,,,
不適合が買主の帰責事由による場合でも履行の追完はできるが、損害賠償請求はできない,✕、不適合が買主の帰責事由によるとは履行の追完請求ができない、562-2,,,,,,,,
不適合が買主の帰責事由でない場合、原則履行の追完か代金減額請求か選ぶことができる,✕、代金減額請求は常にできるものではない、563,,,,,,,,
代金減額請求が可能になる要件はなにか？,履行の追完を催告し相当の期間に追完がない場合、563,,,,,,,,
履行の追完が不能である場合、直ちに減額請求することができる,〇。563-2,,,,,,,,
,,,,,,,,,
,,,,,,,,,
,,,,,,,,,
,,,,,,,,,
,,,,,,,,,
,,,,,,,,,
,,,,,,,,,
,,,,,,,,,
,,,,,,,,,
,,,,,,,,,
,,,,,,,,,
,,,,,,,,,
,,,,,,,,,
,,,,,,,,,
,,,,,,,,,
,,,,,,,,,
,,,,,,,,,
,,,,,,,,,
,,,,,,,,,
,,,,,,,,,
,,,,,,,,,
,,,,,,,,,
,,,,,,,,,
,,,,,,,,,
,,,,,,,,,
,,,,,,,,,
,,,,,,,,,
,,,,,,,,,
,,,,,,,,,
,,,,,,,,,
,,,,,,,,,
,,,,,,,,,
,,,,,,,,,
,,,,,,,,,
,,,,,,,,,
,,,,,,,,,
,,,,,,,,,
,,,,,,,,,
,,,,,,,,,
,,,,,,,,,
,,,,,,,,,
,,,,,,,,,
,,,,,,,,,
,,,,,,,,,
,,,,,,,,,
,,,,,,,,,
,,,,,,,,,
,,,,,,,,,
,,,,,,,,,
,,,,,,,,,
,,,,,,,,,
,,,,,,,,,
,,,,,,,,,
,,,,,,,,,
,,,,,,,,,
,,,,,,,,,
,,,,,,,,,
,,,,,,,,,
,,,,,,,,,
,,,,,,,,,
,,,,,,,,,
,,,,,,,,,
,,,,,,,,,
,,,,,,,,,
,,,,,,,,,
,,,,,,,,,
,,,,,,,,,
,,,,,,,,,
,,,,,,,,,
,,,,,,,,,
,,,,,,,,,
,,,,,,,,,
,,,,,,,,,
,,,,,,,,,
,,,,,,,,,
,,,,,,,,,
,,,,,,,,,
,,,,,,,,,
,,,,,,,,,
,,,,,,,,,
,,,,,,,,,
,,,,,,,,,
,,,,,,,,,
,,,,,,,,,
,,,,,,,,,
,,,,,,,,,
,,,,,,,,,
,,,,,,,,,
,,,,,,,,,
,,,,,,,,,
,,,,,,,,,
,,,,,,,,,
,,,,,,,,,
,,,,,,,,,
,,,,,,,,,
,,,,,,,,,
,,,,,,,,,
,,,,,,,,,
,,,,,,,,,
,,,,,,,,,
,,,,,,,,,
,,,,,,,,,
,,,,,,,,,
,,,,,,,,,
,,,,,,,,,
,,,,,,,,,
,,,,,,,,,
,,,,,,,,,
,,,,,,,,,
,,,,,,,,,
,,,,,,,,,
,,,,,,,,,
,,,,,,,,,
,,,,,,,,,
,,,,,,,,,
,,,,,,,,,
,,,,,,,,,
,,,,,,,,,
,,,,,,,,,
,,,,,,,,,
,,,,,,,,,
,,,,,,,,,
,,,,,,,,,
,,,,,,,,,
,,,,,,,,,
,,,,,,,,,
,,,,,,,,,
,,,,,,,,,
,,,,,,,,,
,,,,,,,,,
,,,,,,,,,
,,,,,,,,,
,,,,,,,,,
,,,,,,,,,
,,,,,,,,,
,,,,,,,,,
,,,,,,,,,
,,,,,,,,,
,,,,,,,,,
,,,,,,,,,
,,,,,,,,,
,,,,,,,,,
,,,,,,,,,
,,,,,,,,,
,,,,,,,,,
,,,,,,,,,
,,,,,,,,,
,,,,,,,,,
,,,,,,,,,
,,,,,,,,,
,,,,,,,,,
,,,,,,,,,
,,,,,,,,,
,,,,,,,,,
,,,,,,,,,
,,,,,,,,,
,,,,,,,,,
,,,,,,,,,
,,,,,,,,,
,,,,,,,,,
,,,,,,,,,
,,,,,,,,,
,,,,,,,,,
,,,,,,,,,
,,,,,,,,,
,,,,,,,,,
,,,,,,,,,
,,,,,,,,,
,,,,,,,,,
,,,,,,,,,
,,,,,,,,,
,,,,,,,,,
,,,,,,,,,
,,,,,,,,,
,,,,,,,,,
,,,,,,,,,
,,,,,,,,,
,,,,,,,,,
,,,,,,,,,
,,,,,,,,,
,,,,,,,,,
,,,,,,,,,
,,,,,,,,,
,,,,,,,,,
,,,,,,,,,
,,,,,,,,,
,,,,,,,,,
,,,,,,,,,
,,,,,,,,,
,,,,,,,,,
,,,,,,,,,
,,,,,,,,,
,,,,,,,,,
,,,,,,,,,
,,,,,,,,,
,,,,,,,,,
,,,,,,,,,
,,,,,,,,,
,,,,,,,,,
,,,,,,,,,
,,,,,,,,,
,,,,,,,,,
,,,,,,,,,
,,,,,,,,,
,,,,,,,,,
,,,,,,,,,
,,,,,,,,,
,,,,,,,,,
,,,,,,,,,
,,,,,,,,,
,,,,,,,,,
,,,,,,,,,
,,,,,,,,,
,,,,,,,,,
,,,,,,,,,
,,,,,,,,,
,,,,,,,,,
,,,,,,,,,
,,,,,,,,,
,,,,,,,,,
,,,,,,,,,
,,,,,,,,,
,,,,,,,,,
,,,,,,,,,
,,,,,,,,,
,,,,,,,,,
,,,,,,,,,
,,,,,,,,,
,,,,,,,,,
,,,,,,,,,
,,,,,,,,,
,,,,,,,,,
,,,,,,,,,
,,,,,,,,,
,,,,,,,,,
,,,,,,,,,
,,,,,,,,,
,,,,,,,,,
,,,,,,,,,
,,,,,,,,,
,,,,,,,,,
,,,,,,,,,
,,,,,,,,,
,,,,,,,,,
,,,,,,,,,
,,,,,,,,,
,,,,,,,,,
,,,,,,,,,
,,,,,,,,,
,,,,,,,,,
,,,,,,,,,
,,,,,,,,,
,,,,,,,,,
,,,,,,,,,
,,,,,,,,,
,,,,,,,,,
,,,,,,,,,
,,,,,,,,,
,,,,,,,,,
,,,,,,,,,
,,,,,,,,,
,,,,,,,,,
,,,,,,,,,
,,,,,,,,,
,,,,,,,,,
,,,,,,,,,
,,,,,,,,,
,,,,,,,,,
,,,,,,,,,
,,,,,,,,,
,,,,,,,,,
,,,,,,,,,
,,,,,,,,,
,,,,,,,,,
,,,,,,,,,
,,,,,,,,,
,,,,,,,,,
,,,,,,,,,
,,,,,,,,,
,,,,,,,,,
,,,,,,,,,
,,,,,,,,,
,,,,,,,,,
,,,,,,,,,
,,,,,,,,,
,,,,,,,,,
,,,,,,,,,
,,,,,,,,,
,,,,,,,,,
,,,,,,,,,
,,,,,,,,,
,,,,,,,,,
-,,,,,,,,,
